,lista
0,@NoilyMV yo soy totalmente puntual
1,"@SandraCauffman Hola Sandrita. No le habia deseado un feliz dia de la madre, tarde pero seguro.¬ø Sabe usted si Juno ha tomado mas fotos ?"
2,Si andan haciendo eso mejor se quedaran calladitas jaja pero as√≠ se est√°n quemando ellas mismas e insinuando que son unas metidas
3,Que pereza quiero choco banano
4,"@robertobrenes Bueno, no es tanto lo mayor como cu√°nto de campo sea usted. Sos cartaguito en cada aspecto de tu vida, por lo visto."
5,Pas√© todo el d√≠a buscando mi Baby Lips y lo acabo de encontrar. Estaba en la mesita de noche de fijo lo puse ah√≠ dormida
6,"@doriamdiaz El de Halfon de Germinal se ve mortal. Y los de Mary Jo Bang se fueron volando, pero todav√≠a quedan. En Duluoz hay de Salcedo"
7,"Ahorita me van a cambiar las ligas de los brakets, Tengo alfajores argentinos en mi bulto, tengo hambre , ¬øQU√â HAGO? no puedo esperar m√°s"
8,"El amor es paciente, es bondadoso, no es envidioso ni orgulloso, no es ego√≠sta, no guarda rencor. 1 Corintios 13:4-5 Buen d√≠a a todos"
9,"El amanecer respirando o2 puro, es m√°s que un regalo... m√°s si es a las 6:00 am frente al mar... preparando la mente con meditaci√≥n."
10,Acabo de ver una chamaca con un piercing de mota en el ombligo. Lo peor es que tiene cara de que lo que fuma es jam√≥n
11,"@ruthernandezj hahaha sq si tiene un 5 HACE RATO era de cambiarlo haha, yo creo que si aguanta el mio bastantito! Casi 1 a√±o ya"
12,"Acabo de ver a una excompa√±era de trabajo y me sent√≠ tentado a saludarla. Con la trompa del carro, a 150kmph, intencionalmente."
13,@Colucci_99 ah si gracias Esas son las que he encontrado hasta ahora. Antes en pricesmart las vend√≠an hace a√±os pero ya no..
14,"Buenas noches papus, que descansen"
15,Me faltan 50mil colones la √∫nica manera de hacer toda la entrada de Metallica es literal pichaseandome esta semana trabajar 12 horas
16,Alvarado velando por mi salud
17,"@josdav17 nunca hacen nada, hasta que exista seg√∫n ellos m√°s evidencia o sea aparecer m√°s de 4 veces al d√≠a en tu casa no es v√°lido"
18,@Manryev ¬°Me alegra much√≠simo que te gustara! Igualmente un placer saludarte La pr√≥xima que veng√°s a SJ avis√° con tiempo y vamos por caf√©
19,Hoy tengo 2 preguntas existenciales...1) ¬øPor qu√© hoy esta haciendo TANTO fr√≠o? y 2) ¬øPorque me volvi√≥ a dar hipo despu√©s de tantos a√±os?
20,Aqu√≠ en #Chepe ¬ød√≥nde consigo un buen sart√©n de hierro? Vi unos en Universal marca GIBSON q ni siquiera aparecen en internet
21,@sancarlena77 @frankgrs nunca dije lo contrario
22,A m√≠ me dan ganas de volarmelo pero me acuerdo de que mi pelo es un desmadre y me lo dejo quedito
23,"Pobre Bastian Scheweisteinger lo que le est√° pasando en el United, es muy crack y el genio de Mou no lo quiere"
24,"@kanygarcia esaaa la mejor de las suertes! Disfruta la noche, disfruta del #GranRex saludos desde Costa Rica! Buena vida, pura vida!!!"
25,"""Mae ma√±ana llego a las 10, cuidado te quedas dormida porque a las 10 estoy ah√≠"" -Liena, se qued√≥ dormida y no ha llegado."
26,Mi familia va para la playa y yo por irresponsable tengo que quedarme haciendo los 1000 extra clases que tengo para el martes.
27,"@francetvinfo @mr_matth @France2tv C√≥mo?Por a√±os √©l ha sido parte del Tour,junto con las bicis y las camisas amarilla. MUCHAS GRACIAS!!"
28,Mejor me duermo buenas noches
29,"Mi horario de este semestre es tan tan feo, que me tendr√© que despedir de mi poca vida social y del estreno de suicide squad"
30,Sabia que no iba a ser un buen d√≠a cuando me dej√≥ el bus y se me rompi√≥ la faja del bolso.
31,"Maes, la vida es una mierda: est√©n felices o no. Mejor sonr√≠an y aprovechen el tiempo. Estar amargado no la va a hacer menos mierda."
32,"@rociomoram29 que mal y por eso es que est√°n jugando, yo creo q los jugadores viejos o de la casa deber√≠an tener prioridad pero bueno..."
33,Parce yo estoy igual @PaisaVlogs
34,Gracias a Dios cerrando con broche de oro! Dios siempre dando lo mejor a sus Hijos esta semana fue mucho mejor que la pasada! #thnksGod
35,"Hola, soy Paulo y soy parte de la primera generaci√≥n que va a tener resoluci√≥n de problemas en bachi de mate"
36,"@donovanrp excelente, cuando me den el carro lo molesto, igual no conozco a nadie mas q haga Uber asi que el bono es suyo"
37,"@KristelS18 Ac√° tengo pero ugh, la canela no me gusta mucho es que es que me cae pesado, pero se me quitar√°.. Gracias Kris."
38,Yo solo quiero dormir mas
39,"Buenas noches papus, que descansen"
40,"Oiga @NarcosNetflix porque no me reviven a Escobar, pa que se ponga interesante la serie.! eh jajajaja ( es en serio)"
41,El √∫nico senador q se dirigi√≥ en espa√±ol a la audiencia republicana para apoyar a @realDonaldTrump es de padres costarricenses Qu√© pena!
42,"El horario me quedo tan perfecto y tengo tan buenas eectativas de los profes que ya quiero entrar a clases. Tan #bichoRaro, lo s√©"
43,"@msroucks Wtf Yo tengo mi biblia firmada por el diablo Okno, pero eso es lo que se me vino a la mente :v"
44,S√≥lo mi mam√° logra por primera vez una cena en paz con TODA la familia Rodr√≠guez Qu√© feliz soy de tener la madre que tengo
45,"Yo vivo a 25 metros de la Bas√≠lica y sal√≠ a ver el juego de polvora de estos dos d√≠as, muy bonito #nadaquehacer"
46,@AnaVM @Katagelon fijo est√° demasiado hermoso
47,"Viendo Looking, Queers as Folk y as√≠, me doy cuenta que nunca he tenido un grupo de mejores amigos gays. ¬øalguien me adopta?"
48,Recuerdo cuando le escrib√≠a a mi hermana @Andreagraseq79 para que me motivara y me hiciera sentir √∫til. Dios me dio a la mejor hermana
49,"Hoy inicia la concachampions 2016-2017 pero realmente no importa porque no esta la @ldacr, en todo caso la voy a seguir porque si"
50,"Buenos d√≠as. Inicio de mes. A darlo todo, aunque sea ""m√°s o menos bueno en algo"". Feliz inicio de semana"
51,"Llego a la casa a las 9:20 caminando, no hay comida, todos est√°n dormidos, ma√±ana tengo clases a las 8am, todo esta bien"
52,"Lo termine a las 2 am hora Costa Rica, porque se me hizo s√∫per adictivo. Me gusto pero no me encanto #LCshinyforflowers"
53,Yo estoy triste por Raps
54,"Fiesta bananera, d√≠a de la cerveza, Semana 14, √∫ltimo d√≠a de eeriencia y as√≠ no quieren que me vaya de parranda?"
55,esta estupida de Abis a la par m√≠a esperando a que saquen el desgraciado Trailer de Resident Evil fuck hasta as 12 md LA vamoooos
56,"@byCoba con agua, hielo regularmente para que se mantenga fresca y un poquito de az√∫car a la semana, me han durado hasta m√°s de 1 mes."
57,Nos encanta hacerte feliz @rubndu
58,@miguesl21 en estas √©pocas no hay que decirle no a ning√∫n trofeo y es conmemorativo para todos los equipos que ganen en la jornada
59,Yo ni se que le hice me deja de hablar de la nada y ni sabe cuanto la extra√±o. Chas gracias
60,Y las emergencias? La gente que necesita ir a hospitales? Los que esperan cita desde hace a√±os? Ahhh no! Yo apoyo el paro nacional jijis
61,@nubecina entonces no es indigente ni tiene problemas mentales? Eso no justifica nada. La lanza como 1 mu√±eca a la calle
62,No voy a poder ver a mi mam√° el d√≠a de la madre. Por un hijo de la grand√≠sima puta. Bien
63,La Daniela me tienen griseada.
64,"@jdclarke totalmente, lo del f√≠sico se deja atr√°s cuando el una persona atractiva en todo sentido. Incluyendo sus propuestas y cerebro"
65,@lenaychantelle Cual es tu helado favorito y comida? Como te parecio Costa Rica cuando viniste y a donde fuiste? Sigueme pls saludos bye
66,Acabo de preguntarle al Mae de a la par que para donde va pero no fue por vina Esque estoy demasiado perdidaaaa
67,"Hoy est√°n participando muchas m√°s mujeres, lo que me alegra mucho. Ya sea para preguntas propias o para hacer preguntas por su pareja"
68,"@me_aburris S√≠ he visto q los motociclistas andan especialmente violentos. Le pegan a los carros, los patean, le gritan a la gente y esto"
69,"Lo bueno es que voy para Talamanca y Cahuita en una gira, lo malo es que es el finde antes del examen de anal√≠tica"
70,No me quiero levantar aiuda
71,"Mmm no quiero hacer spoiler pero hoy va a ver algo nuevo en el canal,lo podras ver en el nuevo video que subire en unas horas"
72,"@hugozap quiz√° para profesionales no sea mucho,pero hay no remunerados principalmente femenino para quienes es un sue√±o, pasa en mi pa√≠s"
73,X:¬øQu√© perfume usas? Yo: Victoria's Secret X: Ah yo uso uno de Pink que es m√°s caro que ese!
74,"Hay gente aficionada al f√∫tbol, hay fan√°ticos, hay envenenados, y hay otros hijueeeeputas necios! Igual que todo en la vida"
75,@EsGermanDZ Quiero hacer una pregunta.  Si puedo? Yay.! Bueno la pregunta es.. ¬øVas o ir√≠as a un J√≥venes en Victoria?
76,"@JArmandoCS ¬øVos tambi√©n estabas? Ay que triste nombres s√≠, yo estaba durmiendo, para ir a clase hoy a las 7:30am ¬°¬°Te extra√±o beb√©!!"
77,@JArmandoCS solo me quedan 3 s√°bados m√°s as√≠ jiji. ¬øQu√© d√≠as est√°s yendo a la U que no te he visto?
78,Que feo eso de decepcionarse
79,Delicioso @ San Rafael Ezcazu
80,"@KhaMoreno hahahaha no lo hab√≠a visto! Pero ojo, me despert√© a las 8 y estoy tratando de dormir no puede ser q ste despierto a√∫n"
81,"@AnaVM llego tarde, soy huge fan la empec√© en el 2000, crec√≠ con ella sube y cae tiene de todo como toda serie, temporadas favoritas..."
82,"@MicroCoAnSh seamos sinceros: Mi rostro inocente y un: Amigo, no me pod√©s abrir? Es que perd√≠ las llaves y mi roommate no contesta Abre"
83,"@CotoLau @AndreCorts yo tambi√©n tuve los libros de AMP y no me convecieron :/, yo pas√© los ex√°menes pero gracias a los ex√°menes viejos"
84,@itsdylanjos yo solo las cucas
85,"@Starbucks_cr Hola, quer√≠a agradecer al personal del Starbucks de La Sabana por guardar mi cartera olvidada Son los mejores, saludos"
86,"@Danileivacr buen√≠simo!! Yo ma√±ana voy a clase de 6 de la tarde que es yoga Dance, es como yoga pero aer√≥bico"
87,"Ya no estoy para andarle sacando conversaci√≥n a alguien, si la vara fluye bueno, y sino va pa' la mierda."
88,Me cago en la puta
89,El post que comparti√≥ @LuisLauretto no voy a poder estar tranquila hasta que anuncie qui√©n viene. Y ya estoy pobre #GnR #Metallica
90,@malarodriguez saludos desde Costa Rica mala...ya q siempre te escribo y nunca me respondes Igual nunca me canso de escucharte.. Besos
91,@SanzZeriTica El Chavo no estaba triste
92,@Varce_c que triste es la realidad
93,"@Calikhaug @PilarAcuna Muy bueno Chiquilla: No hay que tirar piedras al techo del vecino si el tuyo es de cristal. Feliz Noche, Pili."
94,Nada m√°s bonito que ir en bus lleno y que alguien comience a toser como si se le fuera a salir un pulm√≥n
95,@atrejoscr se ve fea en general
96,"@GaboJimenex jajaja. Yo me pegu√© el susto de la vida, y luego la espera por meterlo al taller de iCon. Pero ya est√° vivo."
97,"@dimar1712 tan linda Diana, muchas gracias vamos a ver c√≥mo me acomodo ahora con trabajo nuevo, cuesta un mont√≥n yo te apoyo desde ac√°!"
98,"@GrupoPandora y son 30...30 a√±os de acompa√±arnos,30 es mi edad y he crecido de la mano con ustedes MIL GRACIAS, atte: Ale"
99,@AleeSeke ooops cierto. Me mata @raqueabr02
100,Nota Personal: No ver videos de noche sobre youtubers comiendo no ver videos de noche sobre youtubers comiendo no ver videos de noche
101,"Cosas q debemos usar para simplificar nuestra vida: el cerebro, sentido com√∫n, una sonrisa y eliminar a qui√©n no nos interesa. Simple"
102,"UNAM, mil gracias por todo, te prometo en los siguientes 3 a√±os titularme, aunque me haya costado 13 llegar hasta donde estoy hoy"
103,"rajado, cuando pasan 16 a√±os te das cuenta que unas cosas cambian si..otras se mantienen para dar tranquilidad en los dias libres"
104,"@Starbucks_CT Hola , queria preguntarte si el nuevo cafe Chiapas, es el mismo shade grown porque voy a hacer degustacion pronto ..."
105,"@jkriptos @lmongeb Jajajajajajaja! No, soy la que consume no la que las produce. Saludos Jason que disfrute ese s√∫per viaje."
106,"Mi mam√° adopt√≥ una gata que dejaron botada al frente de la casa, si alguien necesita gatos me escriben, tengo 4"
107,"@rafa514x ser√° que un ""entreno"" es un entrenamiento ""artesanal""? Digo, como ahora todo es ""artesanal""..."
108,@ushcala Esa es otra buena idea. Aunque la din√°mica de √©l a sus 9 y la m√≠a esa misma edad es muy distinta.
109,"La vara es que ya tengo como 3 quiz, una eici√≥n, dos ex√°menes, un ensayo, y lo peor es que mis vacaciones ya casi acaban"
110,"@xylefTheBarber de comics y de humor negro no y estar√© tiempo fuera de youtube, si logro volver es con una idea diferente y cool"
111,@D4rkusPl4y ah era hoy? ma√±ana durante el d√≠a puede llamarme y con mucho gusto a plena luz del d√≠a no en lo oscurito en barrios mierda
112,@andreareyes6767 hola odiosa me hace falta
113,Ocupo que den un secret passcode para que las beliebers compren las entradas antes y despu√©s las que sobran las ponen a la venta normal
114,Me siento triste y solo
115,"Si por aca hay alg√∫n chico o una chica mayor de 18 que busca empleo para temporada navide√±a en tienda, que me ponga un Dm"
116,"@sancarlena77 JAJAJA. Por cierto, hasta ahorita me percato del username. Y yo preguntando d√≥nde vive. Soy un imb√©cil. Perd√≥n."
117,"Fijo a esa mae alg√∫n famoso le dijo algo, entonces por eso se cree la mas rica y solicitada del puerto, es mi opini√≥n"
118,No sal√≠ el fin de semana porque hoy ten√≠a examen y salgo del examen y nadie quiere ir por una torta chilena
119,@diegodelagos Ayer la gente de mi FB se port√≥ mejor que la de mi TL de TW en relaci√≥n con el tema de los himnos...
120,Bienvenida a los juegos mentales
121,Quiero cambiar de posici√≥n el cuarto pero soy tan indecisa que si despu√©s no me gusta me voy a sentir mal por una semana
122,@WancitoCubero horrible muy buena pero devastadora
123,"No son ni las 9am y aqu√≠ estoy a moco tendido, llorando con una pelicula con Cameron D√≠az que se le muere la hija"
124,"Todos quer√≠amos ver las 2 ticas juntas en la final pero as√≠ es esto , ahora le toca a lei q avanza a la final #VISSLAISAworldjuniors"
125,@tatisalvaradop Ma√±ana si me duermo en la oficina le cuento para que se sienta culpable *busca el cofal y las pantuflas* Bonita noche
126,"Misi√≥n cumplida del fin de semana, fastidiar a Mario, en broma verdad, hola feo"
127,@luisdbatallar esa tabla es muy reveladora
128,Que cargados de odio est√°n tengan se escuchen m√∫sica abracen salgan de vez en cuando con los suyos y vera como se le quita
129,@FilarmonicaCR ¬°Gracias! P.D. Sigan adelante con sus maravillosos trabajos. Quiz√° alg√∫n d√≠a un tributo a Soda Stereo jeje
130,"En ""X"" gimnasio me iban a cobrar como 330mil colones en un a√±o. No me matricul√© y estoy haciendo las matem√°ticas para el siguiente viaje"
131,"@BurodeCreditoMX por curiosidad intent√© en 5 bancos distintos y en todos declinado, pero mi reporte est√° en verde y mi score tambi√©n"
132,"Mi consejo de hoy es: Si quieres que esa persona tan especial para ti nunca te olvide, p√≠dele dinero prestado y nunca se lo pagues"
133,"Soy la peor basura del mundo porque, justo hoy Andrea ten√≠a que verme con otra mujer, que mal me sent√≠."
134,Me acost√© s√∫per tarde ayer (para mis horarios normales) y ahora no puedo seguir durmiendo porque no aguanto el calor de estas horas
135,"@titabobra Si llegamos , √∫nicamente pedimos un poquito m√°s de tiempo de lo normal y los tel: 2225-3080 / 8827-1559 ."
136,"Lo mejor que puedo hacer hoy es dormir porque estoy a punto de llorar, no fue mi d√≠a en serio."
137,@uiGitsu siempre se aprende algo nuevo
138,¬øSer√° normal este odio-amor con mi hermana? Ni siquiera me respeta Me mand√≥ a lavarme el culo al r√≠o lagarto.
139,"Por la ma√±ana hazme saber de tu gran amor, porque en ti he puesto mi confianza. Salmos 143:8 Buen d√≠a a todos"
140,Bonito cuando pasan a fumigar
141,Ya est√° listo el puente peatonal por mi casa...ya no tendr√© que dejar de jugarme la vida cuando voy al auto o al cajero
142,@FranzUgarte @UnAutenticoCule asi tiene que ser .. yo m alegro solo si el barca pierde en algo qe influya a madrid cmo la liga ayer tuani
143,Que rico que es dormir
144,"@H_E_Y ya ah√≠ si no sabr√≠a decirte generalmente siempre hace sol temprano, se llega a poner nublado es como luego de las 3pm."
145,Yo le escribo a la gente a la hora que sea porque mi ansiedad no me permite esperar a una hora prudente
146,@eliana_gab Lunes: Muerta estudiando Fisiolog√≠a Animal (como ahorita) Puedo s√°bado o domingo ¬øPa' qu√© le soy buena?
147,"Mis tenis fueron las primeras en ser compradas y no han llegado todo el mundo con tenis nuevas y yo aqu√≠, zad."
148,"@Frimiralles que delicia, si estuviera m√°s cerca fijo le llego con el tupper. Pero 200 km me separan de su pozol"
149,"@ang_qs_flp mi coraz√≥n despert√≥! mis pasos siguen lo que dicta tu voz, mi sue√±o siempre va ligado a tu amor"
150,"Esta ceniza me tiene mala ya. Ando con alegr√≠a y me arden los ojos, no puedo usar lentes de contacto."
151,"Ma√±ana tengo examen de qu√≠mica e ingl√©s, y aqu√≠ estoy acostada, con el celular, conciente de que no se ni que temas me entran"
152,"@me_mata la historia de tantas en todos los pa√≠ses Latinoamericanos Una mierda nuestra seguridad y ese maldito concepto de ""macho"""
153,Buenos d√≠as @luisguillermosr. Hace una hora y media sal√≠ de Cartago y apenas estoy en Zapote. La gasolina est√° cara y con presas no rinde
154,@DCBlancoQ o ya lo est√° hola
155,"Entre lo positivo, est√° el hecho de que no tendr√© esas responsabilidades extra que adquir√≠a s√≠ yo quedaba electo. Pero mae yo quer√≠a"
156,"Aunque el d√≠a no empez√≥ de la mejor manera, queda en uno decidir que tipo de d√≠a se quiere vivir."
157,"Independientemente del resultado, me queda claro que Tigres va a en la pr√≥xima fase de la CLC"
158,Pues que estoy hablando y en eso me sale el lado √±o√±o que esta dentro de mi todo mal yo hablando de trastornos de personalidad!
159,@OllieGamerz Soy la peor del mundooooo. Se me olvid√≥ la fecha de tu cumplea√±ooooos. Sorryyyy Felicidades bae
160,"Me despierto a las 6 de lo m√°s tranquilo y relajado, me despierto a las 8 y amanezco cansado y enojado"
161,"Mi mam√° me maquill√≥ super chiva para halloween, y todo lo grave en snap snap: nayma_vp"
162,Ma√±ana se madruga para ir a trabajar a la casi frontera norte. Si puedo me paso y voy por To√±as y tostones
163,"@Saramallow los mismso problemas que ten√≠a del otro lado, solo que solo iba un d√≠a a la oficina y mi vida era una ilusi√≥n"
164,"@mapashito73 excelente por mis eectativas y por supuesto voy a a estar pendiente para verla lo mas pronto posible, gracias"
165,"Soy de esos que, a√∫n cuando la comida est√© lista y tenga hambre, si no me sirven me da pereza y no como"
166,"#ChampionsxFOX Me pueden mandar un saludo desde Costa Rica viendo al Sporting y a Bryan Ruiz, porfaaa!?"
167,"@Nats_Castro vaya a cafetear sola o por un traguito o as√≠, a veces es lindo darse ese tiempo para uno"
168,Vi que tengo un vecino TAN guapo. Lo peor es que no s√© ni c√≥mo se llama
169,"El fin pasado le rogu√© demasiado a mis pap√°s por unas Nike, y no me las compraron"
170,ma√±ana hay entrega de trabajo final y yo aqu√≠ muy zen desayunando en paz sin tener ni media p√°gina escrita... ni las fuentes
171,@luisangelzr fijo tenia un amante bandido esper√°ndola #AsiSon
172,@dankenzon imag√≠nate! Si cuando uno saluda a alguien que est√° saludando al de atr√°s se siente feo.. me da miedo ajeno
173,@_monsejimenezp Jaja que dichosa! pero entonces cual es la excusa para ser tan repugnante?
174,"D√≠as como hoy agradezco no tener carro. Andar con el h√≠gado hinchado por saber esos marchamos, mejor ando en Uber jaja"
175,"Siempre que veo pasar deprisa a una ambulancia de soporte avanzado, se me hace un nudo en la garganta y me vienen malos recuerdos"
176,"@LaEscude S√≠, a m√≠ tambi√©n me gust√≥ mucho, pero como todos esfuerzos sociales de Google, el problema es crearles volumen de usuarios."
177,@katty_Loz empezando xq en mi twitter solo jodo a Darkus pasatiempos tengo muchos una cuenta de twitter no me define #UseLaLogica
178,Hoy es el concierto de Metallicaaaa!!! Uuuuhhh... l√°stima que no voy la wea triste
179,Chema en esas y todos en la oficina deseando que vuelva a la oficina y a dirigir la empresa mejor...
180,"Cuando no sepas que hacer nada mas hagarra tu celular, unos audifonos y despeja tu mente!"
181,"De hoy en ocho nos dan las camisas de und√©cimo, y yo ni s√© si voy a lograr sobrevivir a la semana de trimestrales"
182,Llevo m√°s de una semana lesionada
183,@leonardodiazpor sos mi James gordeon favorito...
184,"En una propuesta/solicitud de servicio lo que debe quedar muy claro son los ENTREGABLES. Si esto no est√° claro, habr√° problemas."
185,"@Ka_Arroyo_ y c√≥mo mezclan realidad con mundos paralelos, y que es diferente a las dem√°s pel√≠culas de Marvel"
186,@ReyDeLosBullies La quiero aniquilar. Desgraciada.
187,Yo hasta ahora veo el v√≠deo del ping√ºino no lo puedo creer. ¬øEs normal que est√© tan triste? D√≠ganme que ustedes tambi√©n lloraron.
188,No se pueden ver 2 series a la vez es lo peor #prisonbreak #blackmirror
189,Ese momento en que tienes que decidir algo ya y no tener una idea que es mejor
190,@Natticornia @YouNow ya volvi√≥ a esas mierdas porque no tiene a show de huevos es un d√≠a triste para el hombre ara√±a...
191,Con lo que voy a gastar compr√°ndome algo para halloween me compro una mudada y de paso la entrada en 5 mil
192,Acabo de recordar que existen los queques navide√±os y ya casi es diciembre para verlos por todo lado
193,"Tengo que aceptar que me esta hundiendo el consumismo con la nueva Macbook Pro, la Gopro Hero 5, el Gopro Karma y el Nintendo Switch"
194,@Javi_Guerrero97 vas a ser un gran comunicador
195,Princesa hermosa  Estas creciendo muy r√°pido Te Amo peque√±a de t√≠a
196,"Voy a ver Armaggedon. Qu√© cinta rajado, muchas gracias a la persona que me la recomend√≥"
197,Tengo una leve duda de que las fotos del meet ac√° en CR las van a plublicar hasta el a√±o que viene
198,"@Koalasoy es una teja ese cabr√≥n. Si en el programa se ve agradable, en la vida real es el doble de buena gente."
199,"Soy una anticuada, pero c√≥mo me duele ver o escuchar a gente querida hasta el rabo"
200,Sospechosa tarde navide√±a de octubre... #grinch
201,Ya me qued√© sin wifi y qu√© flojera levantarme a encenderlo de nuevo mi mam√° que no me quiere ;_;
202,"@MeLlamoSara @bichoclarke @gabmmd los de cuero,papel y tijera. Que ten√≠a uno visto desde hace dos semanas y le subieron el precio"
203,"@GermanJBH No me diga eso German, que triste jaja nunca hab√≠a querido los gatos hasta este jaja"
204,"@sinceratops no me dijo nada nuevo, tranqui jaja. Si ve m√°s bolsos lindos me los recomienda tambi√©n, porfa"
205,"La t√≠pica que nunca ha dicho la palabra ""picha"", siempre se la ha ""comido""."
206,√öltimamente no Twitteo porque no tengo ideas sobre qu√© Twittear ü§îü§î ya me tiene feo el tec
207,Hay un grupo de estudio religioso en el s√≥tano y est√°n haciendo un bull√≥n incre√≠ble. Yo s√≥lo quiero ver mi pel√≠cula de putas
208,Es bonito tener orden en la vida; solamente hay que aprender y acostumbrarse a poner las cosas y a las personas en su lugar
209,"...para regalar. As√≠ que si alguien est√° interesado pueden buscarlo tipo 12md cerca de la plaza de la cultura, donde suele estar."
210,"@treledo Ya pude ver la info, el hoario es de 7.30 a 4, no ten√≠a idea de que se pod√≠a solicitar digital, gracias"
211,"@crampsattack fijo se me pierde, la vez pasada la encontr√© en la lavadora fumando rinso 1 semana"
212,"Era a la 6 que me quer√≠a levantar, no a las 5:15 con el ruido de una hijueputa licuadora gracias al descerebrado de mi primo"
213,@NellaZ Listo! Muchas gracias Nella
214,"Si Cofal o Zepol necesitan influenciadores en digital, hoy, despu√©s del pichazo que me pegu√©, yo podr√≠a ser uno."
215,No me han llegado mis pel√≠culas de cine cl√°sico que ped√≠ as√≠ que ver√© algo b√°sico como The Purge: El a√±o de la elecci√≥n
216,"Hoy a Santi se le rego el pichel lleno de fresco, y yo parecia Senicienta por todo el piso JAJAJ"
217,"@fermeade Gracias a ti hoy soy muy feliz Descansa, que sue√±es bonito. Te quiero un mont√≥n"
218,Que feo estar sin celular
219,"@ElCatoEnCorto @BooCr2012 @jchidalgo tengo criterios a favor y otros en contra, no lo tengo tan claro en cuanto al resultado final"
220,"Los recuerdos m√°s importantes y los mejores vividos se quedan en el alma, m√°s en cualquier otra cosa son borrables"
221,"Buenas noches chitos y chitas de mi TL.  Que sue√±en bonito, as√≠ como con a yo"
222,@JaenRodz jaja gracias igual mido 1.55
223,Erito es una mala persona
224,"Cuando salga de ex√°menes me voy a meter al gimnasio y voy a tener un cuerpo lindo, y ah√≠ es cuando voy a ser feliz"
225,"New Balance podr√≠a dejar de ser el patrocinador de la Sele o sea, camisetas feas otra vez"
226,"@MonumentalCR buenos d√≠as, √∫ltimo d√≠a laboral, me voy a vacaciones una semana. √âxitos en sus vidas y que sean muy felices"
227,"@Pandax14Cr @D4rkusPl4y si va comer gallina mejor quedese calladito, tomese sus pastillitas y siga echandole el cuento a youtubers"
228,"@Chepe_Centro bueno no es tan mala, tiene muuuchos elementos de las primeras dos pel√≠culas (eso es lo mejor) y le agregan otros nuevos"
229,Mi profe de comunicaci√≥n se parece a la profesora Umbridge. Yo s√© que en el fondo es malvada y nos quiere ver quedarnos.
230,Que me han dicho tantas veces odiosa que a veces creo que si lo soy pero naaah soy un amor
231,Ahora que trabajo tiempo completo me siento tan merecedora de los viernes como que tengo derecho a cantar The Cure (
232,@GloryPB Las maniaticas son lo mas divertidas
233,Ya casi me quitan los frenillos y no quiero a√∫n los siento feos. Los necesito al menos un a√±o m√°s
234,En otros temas y aparte: la vida da muchas vueltas que curioso como cambian algunas cosas
235,"@H_E_Y qu√© injusticia, yo no sab√≠a guardadas porque no las quer√≠a arruinar.. y se me da√±an en la siguiente puesta"
236,"Chiky en todos los eventos me dice ""Mae √©chame a una amiga tuya"" y nunca le he cumplido, soy una mala mejor amiga"
237,"Ma√±ana debuto en percusi√≥n para leones chinos, ya puedo dejar de ser una samulnorian frustrada. Aunque el traje de Samulnori es m√°s lindo"
238,"@mhariprada Por lo menos lo tenes ah√≠. No me acuerdo la √∫ltima vez que yo vi al m√≠o (amo esa canci√≥n, btw)"
239,@PazBloise A mi me operan el lunes las 4 y leer esto es muy poco alentador Que sigas mejor
240,"@Christ_Campos06 j√∫relo que lo reconsidero siempre, tengo insomnio y la ansiedad no me deja dormir + tengo e ma√±ana"
241,"Pero yo hablo caca de todos lados, soy una comemierda democr√°tica"
242,@ilejarza ¬°Es el mejor! Espero con emoci√≥n ese disco nuevo y deseo tener tiempo para digerir toda la discograf√≠a antes de morir.
243,El amor no dura para siempre
244,De nuevo quiero dedicarme solo a ser groomer y pasear perros. No saben la felicidad que me trae.
245,"@marielabrenesv Ah entonces a ver primero Stranger Things, adem√°s que son menos episodios. Voy a ver si la empiezo ya"
246,"@KamilaR94 i told you mi bater√≠a es un rid√≠culo, un 10% dura 5 minutos ahora. necesito que arreglen esto ya"
247,@pamearcep Esa es la respuesta correcta jaja
248,Estoy en mi casa encerrada en el carro con musica full cuando deber√≠a de estar en alg√∫n lado
249,"@JPR_CR con az√∫car??? jaja yo solo con sal y lim√≥n, a veces le echo un poquito de Chile"
250,"@libadri perfecto. ¬°Gracias! A ver cu√°nto me toca pagar este a√±o, que ya 3 a√±os he pagado lo mismo."
251,"Primer vez en a√±os que no tengo plan de Halloween, difraz, nada... solo quiero terminar de estudiar r√°pido y ver el partido"
252,"#Windows10 qu√© mal me caes... @Microsoft Para abrir cualquier navegador o aplicaci√≥n es tan lento, torpe e ineficiente que da pavor"
253,"@presenteausente *suspira* puse picadillo de chayote con molida y maiz dulce, arroz con frijoles, y un bistec, as√≠ a lo sencillo"
254,"@arirs07 perd√≥n jaja desde la semana pasada estaba por contarte, pero esta no pod√≠a"
255,Apoyen a la Network @MCRoyalPvP !! Esta network tiene futuro !! P hare videos y directos ahi cuando habran
256,Lo que extra√±o de no vivir con mi tia es que ya no puedo ir a la playa o de peda con mis primos favs
257,"Si me hubieran pagado el viernes estar√≠a fuertemente de fiesta, pero no aqu√≠ estoy acostado en mi cama como 168 colones en la tarjeta"
258,@JosePB17 su mam√° va??? Yo tambi√©n voy . Pero fijo ya ella no se acuerda de mi y yo soy distraida
259,Juro que todo lo veo borroso
260,"La vez pasada hice una amiga de ba√±o en el Club. Se llamaba Naomi. Saludos Naomi, te tengo presente."
261,"Me siento tan in√∫til, pero bueno yo siempre he trabajo en las tareas pasadas"
262,1 minuto de silencio por los que trabajamos en horario de Mall y no podemos ver el cl√°sico
263,Hice el huevo frito mas perfecto de la historia y no le tome foto
264,"@LuisRonaldMesen @amy_arom es simple! Mejor no arriesgarse, el q la consuma q la disfrute, yo mejor paso y ya"
265,Yo no s√© ustedes pero mi mejor amigo al chile es EL mejor amigo y lo extra√±o #zad
266,@Javiercd18 Jajaja es que te pones a buscar defectos en una buena iniciativa de redes Yo tambi√©n te quiero y me haces falta.
267,"@Emilio_Botas cuidado y se enamora de la suegra, porque vieras que se√±ora y que mano tiene para la cocina, y dicen qe panza llena coraz√≥n"
268,"Entre todas las miles de personas a las que le pod√≠a haber pasado eso, ME PASA A MI -.-'"
269,millennial memorial: cambiar contrase√±a wifi con el nombre del gatito amigo de boabdil que se acaba de morir
270,"Regalo hermano menor tiene 16 est√° en plena adolescencia y es insoportable, el que lo acepte lo invito a comer"
271,"No me niegues, Se√±or, tu misericordia; que siempre me protejan tu amor y tu verdad. Salmos 40:11 Buen d√≠a a todos"
272,@Jenyeerimenta Yo a √©l lo amaba desde hace 3 a√±os y ya es demasiado com√∫n jaja
273,Mi estomago dice mozarella sticks y mis huecos post operaci√≥n dicen pur√© y gerber.
274,Me siento m√°s ignorada que de costumbre lo bueno es que soy estudiante universitaria y en vez de lamentarme puedo aprovechar el tiempo
275,"2:12 am, est√° semana he dormido 17 horas, hago examen de qu√≠mica a las 8 am y salgo del brete a las 10 pm"
276,"@Phoenix2124 si si, prendieron fuego !! La √∫nica que me sab√≠a la cantaron cuando estaba haciendo fila en el ba√±o 1 gusto conocerte!!"
277,Entr√≥ a trabajar a la 1:30 p.m y yo en San Carlos Mi t√≠o cree que voy a llegar puntual.
278,Yo que podr√≠a decir de mi ex? Fui demasiado feliz y me hizo crecer como persona
279,"Digamos, muy bonito todo, un d√≠a super chuzo, todo divino pero mi crush no me dijo feliz cumple"
280,"@gabrielselva_cr ah√≠ estaba, bueno en el descanso no, me fui a mojar hasta los palcos del frente para hablar con los privados de libertad"
281,@PauArce21 en serio que una se va a graduar en el tiempo de Dios
282,"@_Star_Vader Si, no hay que perder la esperanza jaja, digamos tuve muchas eectativas con alguien pero no se dio y tome por gordo"
283,Clinton gan√≥ voto popular y Trump el colegio electorado. Adivinen qui√©n es presidente electo
284,"@Maceji87 sorry x el delay, pero el app arranca cuando quiere...Abrimos de Lunes a S√°bado a las 6pm"
285,Escucho a @HillaryClinton porque no me aguant√© y no puedo creer a√∫n que hayan elegido sobre ella a @realDonaldTrump Es realmente triste.
286,@piladetrastos @tsaitami porque al final siempre llegan a lo mismo: es que ella debi√≥ asumir m√°s su lado femenino
287,No es posible que Trump vaya ganando las elecciones y que yo a√∫n no me gane una pizza de @OterosPizza. ¬°¬øQu√© es esto?!
288,@SalgueroMoya por cada acci√≥n cometi√≥ como 4 delitos a la vez. Eso se llama concurso ideal. O material. Ya no me acuerdo
289,@RacheliuxCastro @jkriptos tenemos pendiente un vac√≠o whisky y habanos. Como que este fin complicado
290,Bill Clinton ya est√° muy viejito
291,@dianalaa32 Es una escena de uno de los documentales m√°s respetados sobre naturaleza ('Planet Earth' de la BBC). Dudo que sea montado.
292,Hoy es un buen diaaaa
293,Ya no es tan divertido
294,"Necesito plata, mi regalo de cumplea√±os no alcanz√≥ para la ropa de navidad y a√±o nuevo"
295,"Yo quiero ense√±ar mis bolas en facebook, pero su pol√≠tica de desnudos es muy estricta. Mejor no."
296,@saywhatmini Hermosa verdad? Ô∏è Me toca quitarlas porque no puedo mostrar caras
297,Vean los nuevos emojis #iOS102 El aguacate ü•ë
298,Tan triste mi vida que me hablan en Snapchat solo para decirme que mis animales son lindos
299,"@ChicadeHumo7 , no hay que sentirse mal por ya no querer creo que es bueno saber lo que uno quiere y lo que no"
300,Estornud√© y me mord√≠ la lengua porque mi suerte es as√≠
301,"Ya 3 veces me ha dejado mamando, pero la verdad lo veo tan guapo..."
302,"Suerte nivel, llame a la pizzeria para pasar por una pizza y llueve cuando deje mis sombrilla perdidas"
303,Estoy as√≠ de hacer una estupidez
304,Les parece que soy una persona odiosa? a cada rato me dicen eso y que tengo cara de amargado
305,El huequito del septum no se me ha cerrado por completo pero ya no me cabe la pieza
306,@elinvisiblesoyo jajaja aqu√≠ la confianza virtual
307,@deprotti la ex novia de 30 vrs Sabina para finalmente aceptar que estas viejo
308,"...y todo lo que hagan, h√°ganlo con amor. 1 Corintios 16:14 Buen dia a todos"
309,Buenos d√≠as @Rubiu5 que pases un buen d√≠a
310,Me estaba sacando las cejas y como se me ocurren cosas geniales decid√≠ arrancarme una pesta√±a y ahora me duele el p√°rpado y se hinch√≥
311,Las canciones de Juanes y Julieta Venegas siempre me hacen muy feliz
312,"Viendo FOX pasan portadas de peri√≥dicos deportivos solo en CRC no, porque no tenemos peri√≥dicos deportivos"
313,"@avargas10785 yo hago eso, sino nadie contesta, as√≠ ven que no es mi culpa que no se muevan las cosas, perd√≥n por vivir"
314,@edgumaco yo siempre deseo eso y cuando estoy libre;como hoy> ando desde temprano dando vueltas y sin sue√±o
315,"Ya no tengo libro para leer ni serie para ver, mis noches se est√°n volviendo aburridas"
316,"Mi imposible quiere irse a Europa. Yo ten√≠a peque√±as esperanzas sabiendo que era imposible, pero ahora se las lleva para Europa"
317,"@David_Gato5 Mae esque mi top 3 son Dez Bryant, A. Brown y OBJ La de Zek viene de cuarta"
318,@demimendozaa Obvio ya quiero llegar y verte As√≠ que de una vez organiza Ixma
319,"@Residente y fui a buscarte xq hab√≠as agarrado x otra calle, venias hacer un concierto, y bueno pues te encontr√© al final! Jeje saludos"
320,"@Valavb as√≠ es, aqu√≠ estamos pasando algo similar en estos d√≠as"
321,"@andrest_12 ahh ya ya jajaja. Bueno, buenas noches, que descanse"
322,"@tigreshooligan ay tan lindo amigo!! Gracias. Espero que jueguen con rencor, porque se hacen imparables cuando est√°n resentidos"
323,"@ticotraveleando ingrato, solo porque usted s√≠"
324,@Zunga a mi solo me quedan 5...ya casi veo la Luz
325,Ay qu√© bonito todo! Demasiado extra√±o no estar sufriendo a estas alturas Vamos Seleeeeee
326,@LovatoMyLight jajaja exacto! Esta todo igual solo que mas serio pero nada de declaraciones aun. Solo que siempre nos decimos asi.
327,Mi familia ya empez√≥ con villancicos a todo volumen 24/7 y yo que tenia mi musica puesta y me la quitaron
328,"@stephvald callese mae jajajaja, el carro estaba bastante duro mae Jaja"
329,Lo malo de las indirectas esque son como un chisme pero a medias! Y as√≠ no se puede..
330,El otro a√±o va a ser diferente y tiene que ser diferente
331,@AndresCastg verdad? Que triste que se haya llegado a ese punto
332,La vara es que odio las materias te√≥ricas y amo cocinar
333,Mami va a bajar la velocidad del internet pero mejor eso a que lo quite
334,Hoy me desvelo de nuevo
335,Mi pap√° emocionado hasta las l√°grimas con los tenores... hay conciertos que se quedan en el alma para siempre.
336,Me gusto mucho #AHSRoanoke fue una temporada muy buena y mucho miedo pero corta ya estoy ansiosa por la temporada 7Ô∏è
337,"@Alejandro__Ge hay que pulsearla bastante, lo he intentado un par de veces y nada Pero que buena foto mae."
338,@AdriantixYT yo talvez no vuelva a yt por asuntos personales
339,@EdySmol Me encanta que resaltes la moda sin ser superficial sino siendo un excelente cr√≠tico! Saludos desde Costa Rica!
340,Lela me escribe Yo le respondo Lela me deja en gris
341,"@nathy_ab Tome un descanso y apenas est√© de nuevo al 100% vamos a Dairy Queen, esta bien?"
342,@EdySmol Correcto! Es pura arte. Mejor no lo pudiste describir. Felicidades!!! Bendiciones!
343,Nadie quiere ir a tomar caf√© conmigo
344,"@HolaSoyBataa Pero interrumpiste en mi sue√±o, perd√≠ el sue√±o en ese momento y gracias a ti no fui a trabajar porque me quede dormida"
345,"Que bonito es anunciar que los excedentes de la Asociaci√≥n Solidarista, ya estan depositados"
346,"A√∫n no puedo salir de la U porque la tarifa de Uber est√° alta, me escupo"
347,@wheeeing lo mejor es que no s√© ni que voy a estudiar
348,"@Kengope oh, yo es que estaba curioso de Google Play Music. Apple Music no me sirve"
349,Estos #CinnamonRolls traen muchas pasas... puro sabor a #Navidad!!! #ProsanaFoods #Estaci√≥nGourmet
350,"@cinn_gc10 Un chivi que hace videos y es m√°s toc√°ndose el cabello que video haciendo ""algo divertido o entretenido""."
351,"@itsshirrley hizo un tiempazo en una ruta desafiante, ¬°felicidades! Es muy muy campeona Ô∏è"
352,Me hice un s√°ndwich. En vez de queso le puse leche condensada y a√∫n as√≠ lo puse a tostar
353,En Face Oswar me deja claro que no soy su amiga
354,@_void07 ¬°CALMA PUEBLO! Todo va estar bien. Solo vaya presente todo y haga su fucking examen tranquilo.
355,"Este a√±o m√°s que otros ocupo trabajar esta temporada navide√±a, ocupo plataaaaaa! Si alguien sabe de algo me avisa"
356,@kabek Y suuuuper diferente a sus trabajos anteriores! Tengo que comprarlo tho porque no esta disponible en apple music
357,"Me gusta el rumbo que mi vida esta llevando, me siento tranquila y contenta conmigo misma"
358,Lo peor de recibir clases en un restaurante es el fuerte olor a comida y el hambre que me tengo.
359,"Que ladilla, yo soy chevere"
360,Solo actividades de mi inter√©s me hacen levantarme a las 4am de menos jam√°s en la vida.
361,Despu√©s de una semana comiendo en M√©xico a un precio rid√≠culo... lo √∫ltimo q har√≠a es ir a la Feria Gasto-n√≥mica #lluviaencasa
362,Hoy nos toc√≥ de √∫ltimos en el Festival Navide√±o de PZ y lloviendo. Adivinen c√≥mo qued√©.
363,Ya cambiaron al modelo d Paco Rabane. el que estaba antes era un mu√±equito yico.
364,Extra√±o mis siestas de todaaaa la tarde
365,@vivihbena ahhh pero ah√≠ estaban las rubias -.- jajaja ( que mal que no se te quite)
366,@gpenavalle De las impotencias m√°s grandes. Entiende uno qu√© significa la resignaci√≥n
367,No sab√≠a que el amor de mi vida iba a cantar. Hubiese visto el programa.
368,@Kevoludo24 todo est√° s√∫per barato porque casi nadie fue el festival.
369,Ahora s√≠ es oficial... tengo el trabajo m√°s chiva que pod√≠a pedir
370,"@vikyro18 sii claroo, en play 3 pod√©s comprarlo por 5 dolares. Pero ya en ps4 no"
371,Qu√© feo es tener que terminar con alguien; y m√°s cuando las dos personas a√∫n se aman pero el entorno no es favorable.
372,Ayer fui a @subwaycr y a√∫n no estaban listos para recibir donaciones de puntos
373,Casi me aplasta un √°rbol pero lo bueno es que en la casa ya lleg√≥ la Navid√°
374,"@rafa514x te creo, solo ganas de trollear"
375,- se llevo los doritos y los frescos - pero no se llevo EL PAN @MarianaCruz04
376,La lluvia definitivo que no me tiee piedad cuando ando en bus
377,Odio a mi profesor de estudios sociales
378,Que asco spotify desde la compu
379,"@FedeOrtegaV Ojal√° lo consiga, pero tambi√©n ojal√° la empresa del concierto le d√© otra como sorpresa o algo as√≠"
380,Me gusta dar los buenos d√≠as BUENOS D√çAAAAS!
381,@laqvienedelsol @PilarAcuna Yo la dej√© como 3 a√±os y ahora volv√≠. El d√≠a que termine del todo empezar√© un largo duelo
382,@elchamuko me alegro milord! Feliz regreso a su casa en el averno!
383,Lunes con L de Lindo! Gracias Dios por el trabajo
384,"@Mariete772 igual estaba en ex√°menes finales y estuve muy inactivo, espero volver a la normalidad de ahora en adelante"
385,@lawanddemons perd√≥n por ser la peor prometo darle mucho amor comprensi√≥n y ternura apenas termine el semestre
386,"Hoy hice todo de una manera ol√≠mpica, pero algo se me ten√≠a que olvidar. ¬°Ah s√≠! La sombrilla."
387,"@Vane_Arcia S√≠, era justo y necesario. Lo hice y me siento mejor"
388,"@Noy_07 Pues de hecho s√≠ me funcion√≥, me siento m√°s tranquila despu√©s de eso"
389,"@MonumentalCR Buenos d√≠as, un √©xito su maratonica, yo me sum√© y s√© que van a llevar mucha alegr√≠a a personas que est√°n sufriendo"
390,"@croq29 @ChisteTipico me ha pasado... Lo peor es cuando sin decirle nada a uno, lo agregan de nuevo jajajaja"
391,Preferir√≠a discutir con un umpalumpa que con un (a) cristiano (a) conservador (a) de derecha.
392,@ashzamc Chao con ud!!! En serio no te puedo
393,@MarcosPedzik Muchas gracias por tus palabras. Un fuerte abrazo para vos
394,Cansado es poco. Pero saber que hoy se ayud√≥ en algo me hace feliz.
395,@ASuicideBoy me siento muy identificada con tus tweet y vi tu cuenta porque mi mejor amiga aveces da rt a tus cosas
396,"@CamposGeovanni en eso estamos claros, pero yo tengo fe en que los ticos somos solidarios cuando mas se necesita"
397,Mi mejor amigo me llamo que ya ven√≠a llegando a mi casa Tengo 25 minutos esper√°ndolo
398,@titabobra aquel se√±or amigo suyo hizo un numerito hoy de esos que le encanta hacer. Otro d√≠a en que la ginebra empez√≥ a fluir temprano!
399,"@Mausaga vieras dolor jure nunca m√°s volver a ese lugar, queda en PZ para los interesados"
400,"@Oski_1991 Si o sea, el cel no me interesa tanto pero las cosas que ten√≠a ah√≠ eran irremplazables Gracias por escribir."
401,"Senasa NECESITA casas cuna, ap√∫ntense no hay suficiente presupuesto para todos los animalito afectados"
402,9 horas de que se fue del pais y ya la extra√±o
403,@jaoc03 que buena fiesta se pegaba uno
404,"Hasta ahora me entero de que existe la carrera de ""investigador de animaci√≥n japonesa"", he desperdiciado mi vida"
405,"Hoy hice el gol de mi vida, perdimos 8-1 pero hice el gol de mi vida"
406,"Le envi√© una foto a Ignacio y me dijo ""Que picha m√°s fea"""
407,@Tia_Yeye @Jacko_Pinto no sabia que eran pareja.
408,La lluvia definitivo no me tiene piedad cuando ando en bus
409,@rebsvargas Un masculino adulto que es fan√°tico obsesivo de My Little Pony
410,@UnZorro88 a m√≠ me gustan de hecho
411,@malamujer Ojal√° pudiera darte el abrazo en vivo o al menos acompa√±arte hoy. Siento mucho lo de tu primo
412,"¬°Hoy habr√° nuevo campe√≥n!, que pase lo que sea, que @MagnusCarlsen sea campe√≥n o que @SergeyKaryakin pierda #CarlsenKarjakin"
413,"Pero en realidad soy mucho menos amargada, maldita y juega de viva de lo que parece. Lo prometo."
414,"@bichoclarke le√≠ el post equivocado aparentemente, me salieron los dise√±adores snobs en mi feed"
415,@andrearivl me voy a morir quiero verlo en vivo y tigo no tiene CBS
416,Pues que dicen que hubo #temblorcr y yo ni me di cuenta porque pasamos ensayando t√≠pico.
417,"@kathysjo excelente, que grande que est√°"
418,"Quiero demasiado el balde de pollo, cebolla y papas fritas de la Paper√≠a. Alguien ll√©veme"
419,"#MisPropositosPara2017Son buscar un mejor amigo, necesito a alguien!? nadie?"
420,"Que enfermer√≠a tenemos, Gareth Bale se podr√≠a perder el cl√°sico"
421,@titabobra A m√≠ jajaja y veame aqu√≠ con los ojos pelados
422,@viborildasigue Abrazos para ti desde aqu√≠ Vibo ¬°Ah√≠ estar√© y list√≠sima para grabar la entrevista!
423,@solucionesong ...genial iniciativa que nos puede ayudar
424,"""ESTOY HARTA DEL SEMESTRE "" -Yo, s√°bado por la noche, resolviendo integrales para encontrar √°reas."
425,el amigo secreto de hoy trajo un delicioso arroz con leche
426,"El primer cap√≠tulo de la primera temporada de Black Mirror es bien pinche triste, wey."
427,"@marioredondo @ingenieractc no da igual, yo soy funcionaria p√∫blica y no todos pensamos as√≠."
428,"Me siento tan sola por las noches, que duermo con Pariss en la cama de mi hermano"
429,@AleArguelloF ojal√° sigan juntos mucho tiempo
430,@somekindofEdu pero pens√© que luego de jugar juntos todo iba a cambiar
431,Ojala tuviera netflix como en los viejos tiempos.
432,@GaritaCRC ¬øY para que me tienes a mi? Son momentos y nos montamos un canal Re-Pichudo
433,Puedo so√±ar rid√≠cula pero si llor√© porque @smilinglybybau se fue
434,@GuillermoBarqu1 Carepichas esas solo piensan en ellas.
435,Es una verdadera ver que los videos mas caca tienen mas apoyo que los que costaron
436,"@eldiariodedross Mandale un saludito a Jonathan Duarte que esta en el hospital pasandola mal con una operacion, y solo ver tu videos"
437,@andrea___cr @ccssdecostarica Ufff... hay una discusi√≥n enorme sobre esto. La Cl√≠nica Mayo dej√≥ de hacerlas por a√±os por los resultados
438,Porque si estaba bien me tiene que dar calentura de nuevo ??
439,"Lo peor fue que nos encontramos en un bar, y no le pude hablar x mi timidez"
440,@twocannn a mediod√≠a? La pr√≥xima no lo dude! Aunque me vea serio yo soy un carajo buena nota!
441,"Ya mi relaci√≥n no es lo igual con Davi, ella me pierde"
442,Primera vez que David cena en mi casa y quiebra un vaso.
443,"@Jorge_Rivera8 la del mio peor, tengo que andar con dos telefonoa para poder revisar tw, fb e ig"
444,"@tsaitami Descubrir qu√© somos est√° pichudo, dir√≠a el pat√°n"
445,Les juro que lo stalkeo y mi instinto asesino se activa.
446,¬°Tambi√©n tenemos tradici√≥n #costarricense! Por supuesto! #Cajeta de leche con almendras! La m√°s rica de todas!!‚Ä¶
447,Lo bueno de verano es que en el grupo hay varios compitas
448,Las tenis blancas no se usan todos los d√≠as
449,A m√≠ en serio esas cosas de ganar no se me dan
450,"soy la mejor amiga secreta de la vida, quiero el regalo que voy a dar"
451,"Hoy ser√° un d√≠a muy largo, y mi √∫ltimo d√≠a siendo un pilluelo de 21 a√±os"
452,Me ir√© a dormir sabiendo que la √∫nica app de manga con la que leo no tiene actualizado ons
453,Esperando que sea un buen jueves por la noche
454,"@arlynerl03 Y si me corrigen es como... ""Tr√°game tierra y ll√©vame directo al infierno"""
455,@estabarca fijo si me gusta hago lo que hice con el episodio VII... fui al cine 5 veces
456,Me encanta la olla de carne pero no me gusta que por ser sopa no me mantenga llena bastante tiempo
457,Podr√≠a pasar un D√≠a entero viendo s√≥lo mejengas.
458,Si se desesperan nos lleva puta
459,Que triste cuando uno anda en una actividad y no tiene con quien bailar me ver√© muy rara bachateando sola en media pista ?
460,"@franky2055 que dichoso ya casi terminas, yo apenas voy por el 85 jaja"
461,@meel_solis estamos en la misma lucha
462,@ysareth LA delicia! Mi mam√° casi no me deja meter a los gatos Pero les encanta dormir aqu√≠ cuando pueden
463,"Por dicha solo me volvi√≥ a ver y sigui√≥ durmiendo, pero me dio l√°stima"
464,Yo me quer√≠a graduar con la camisa rosada
465,Y si comemos crepas con una bebida de caf√© O un smoothie Hoy habr√° feria navide√±a y nuestra Esparza se pone d‚Ä¶
466,No he visto el nuevo episodio de #TWD
467,Buen d√≠a @adruari ya le seguimos
468,@MauHCorona Lo normal es aburrido.
469,FAV si crees que me gustan los penes (como no soy famoso y nadie le va a dar FAV pues tendre la consciencia limpia)
470,Hoy me di cuenta que mi crush ya tiene novia y es mucho menor que yo
471,Odio que me cambien mis planes por comodidad de los dem√°s
472,@Izzytica @Unodien regla de los 3 segundos
473,@Chuletta diay. Estuvo bonito. 5comentarios
474,"Men @RedstoneKnarias no nos eliques mas de porque pierdes, porque a nosotros lo unico que nos importa es divertirnos viendote jugar."
475,Ya estoy estresada de esperar resultados
476,@Prifv @kabek no hemos ido a la cabra loca
477,Me llena demasiado ver tanta gente con la intenci√≥n de ayudar y movi√©ndose que lindo todo
478,Mi mam√° s√≥lo decirme que estoy gorda
479,@mary_robre asi que ahora tenemos una posible nueva carrera armamentista in the making
480,"Sopa Negra, opci√≥n plato fuerte en la soda. Dios sabe como reconfortarme despu√©s de las noticias agobiantes"
481,@natyrodriguez Demasiada decepci√≥n con la humanidad
482,"@avargas10785 yo te salgo de eso, yo es por luchona y que me elotan en el work #lindaperopobra"
483,Cuando yo vi al Pipi aqu√≠ en la conferencia de prensa casi lloro como ese ni√±o Pero solo estaba ah√≠ temblando
484,"@chrchaves jale, traidor, vendido a la corona espa√±ola!"
485,@grassengel no pod√©s tener lo mejor de los dos mundos
486,"A la gente buena, le pasan cosas buenas ... al resto a veces tambi√©n nos pasan cosas buenas"
487,Nunca me he ganado nada con @PizzaHutCRC y que chuzo ser√≠a probar la nueva pizza esta tarde liberiana est√° como para la Crown Pizza
488,Desde el jueves pasado estoy esperando el entreno
489,Jaja Trump en los primeros 3 meses se va a traer abajo el TLC nos vamos a ir todos a la mierda
490,"No estaba muerte, andaba de parranda! Jejeje"
491,@FexCR ufff una cosa deliciosa!! Jajaja Que desorden ! Met√≠ las patas ser feliz Fexito!!!
492,Como cuando soy muy chineada y me traen almuerzo al trabajo  Gracias @Antrckstr
493,"@MauFonseca11 @FexCR el otro muchacho que es nieto del se√±or de las galletitas, siempre tuvo una dulce navidad"
494,"Otra vez quieren desnaturalizar el tema #BienestarAnimal, dejando en el texto de iniciativa popular s√≥lo a perros y gatos."
495,@LauraPausini y su canci√≥n: Se non te #VIDEO Publicado el 10 Nov del 2013 y aqu√≠ te lo compartimos
496,Me siento tan cansada y saber que salgo hasta las 6
497,Estoy toda estresada para el examen de ma√±ana como que si lo fuese a perder jaja Pero ya pas√© el curso y todo
498,"Me acaban de confundir con un estudiante universitario... es el mejor ""buenos d√≠as"" de todos"
499,"Ocupo el viernes negro para ver si me compro un tele, el m√≠o se da√±√≥"
500,"Mis primos se fueron para cancun hoy, adivinen quien no fue por ser la unica -18?"
501,He pasado toda la ma√±ana metida en Google Maps viendo Costa Rica. Pero no hay Street View.
502,"Me encontr√© una tarjeta pegada en el cajero y llam√© al banco para reportarla, la due√±a puede estar tranquila #whatgoesaroundcomesaround"
503,@La_Llama_ @DosPinosOficial tengo que probarlo. Estoy decepcionado. Ahora el fresco leche sabe a puro sirope.
504,"@nitamar26 @PizzaHutCRC el problema que ya no hay 2x1 en grandes ni tampoco los puntos Hut, son dos p√©simas noticias"
505,@absa_lon tenga paz bonito que en esta vida Todo Cuesta.
506,"Necesito un gato en mi vida as√≠ como YA, tengo que convencer a mis pap√°s"
507,"@Juanjo90 @CataSolis20 Eso Juan, lleguenle, va a estar divertido. Mucho gusto Cata"
508,Para navidad voy a pedir que me suba el ponderado.
509,Yo deber√≠a estar dormida y no bajo este largo ataque de ansiedad de baja intensidad
510,Qu√© triste ver que el odio por una mujer est√© por encima de la raz√≥n
511,@BreNdiiuXx @BaldiHotSpring1 ya se no quer√≠a salirme de las aguas termales ma√±ana voy a Monteverde a ver que tal
512,Que viene Nonpa y fijo es para mayores. Ya lloro.
513,"Tengo que aprender a no prestar mis cosas, porque al parecer a todas se les hace muy divertido nunca devolverlas"
514,Que dicha que me vale todo lo que todo el mundo diga
515,Ahora tengo que dormir llena de repelente
516,No s√© ni qu√© leer para tratar de entender lo que va a pasar. Todas mis fuentes usuales fallaron
517,"El Turrialba me odia, en definitiva, es el mil√©simo ataque de asma en el semestre"
518,"@iMCZC Ay, no me diga eso, todo es posible a√∫n."
519,@jdclarke y que el mae no sea tan desastroso como aparent√≥ durante la campa√±a. Hope is all we have left
520,"@soofpe06 JAJA y ya ni eso, porque fijo no nos dejan entrar jajajaja"
521,"@m_elinna jajajaja yo pens√© que hab√≠a captado la indirecta pero si, est√° vacilon el avatar"
522,¬°Ya tenemos ganadora! Felicidades @IsabelGarbanzo Nos hablamos por mensaje. ¬°Gracias a todos por participar!
523,"PSC / PSOE, Podemos / Izquierda Unida distanciados, jeje!"
524,Hoy tuve un d√≠a muy lindo me chinearon mucho 2 amigos y el jueves uno que amo mucho.
525,"@valeub25 pues s√≠, s√© lo que se siente. Pero pi√©nselo como el √∫ltimo esfuerzo, que ya ahorita llegan las vacaciones"
526,@gabrielselva_cr pura vida. Ya llam√© pero fue como no haber llamado.
527,Estos d√≠as me he so√±ado con el accidente varias veces Incre√≠ble el trauma que generan estas cosas!
528,Me siento tan feliz esta semana cerr√≥ bien
529,Cuando cuando est√°s taaann cansado que no podes dormir
530,"D√≠ganle a Hellen que la extra√±o, odio estar sola"
531,Tan s√≥lo es un mal d√≠a no una mala vida
532,No puedo entrar a mi servidor!  y site5 no reponde
533,@charito_garcia_ Pues es un buen momento para hacerlo!
534,@silviauc_cr charita que ya no canto igual
535,"Hoy tenemos la secci√≥n ""De su propia voz"" y es por parte del grupo @limite21 ¬øQu√© nos contar√°n? Descubr√≠lo en‚Ä¶"
536,Alguna pel√≠cula tuanis que este en Netflix que me quieran recomendar ? #GenteQueNoCoge
537,La vida es demasiado corta para seguir las reglas...
538,"Ayer descubr√≠ que no soy amargada, en realidad soy preocupada."
539,Acabo de tener una idea formidable que involucra a @tsaitami y por eso le mand√© un correo
540,"Decirle a un mae ""perro"" es una ofensa para los pobres animalitos"
541,aw Tae lo que dar√≠a por poder abrazarte
542,"@fabriziobarth lo siento mucho. Pero si Facebook lo dice, es cierto. Sentido p√©same..."
543,@Edurraiba es lamentable un tema tan sensible jam√°s con ese enfoque
544,Esa lagartija tiene que haber estado muy enamorada de mi perrito. Canta llam√°ndolo a la misma hora a diario y √©l hace mucho se fue
545,Que duro iniciar el d√≠a con noticias tristes
546,"O mejor que me digan ""vamos a comer un helado"" y ya.. Ocupo salir"
547,@karlillag Es muy duro para un ni√±o verse forzado a ser parte de esos procesos
548,"@Fressia_Montero ¬øpor qu√© ? ¬°Ten√©s 9 d√≠as, actividades y muchas pel√≠culas disponibles para asistir!"
549,"@MedioEnSalsaCR Por supuesto que no le importo a nadie. Soy hombre, eurodescendiente, heterosexual y cat√≥lico. cc @titabobra"
550,".@FannyLu dice que ""Llorar es una locura"" ¬øQue opin√°s? Si dec√≠s ¬°S√≠! entonces a cantar"
551,@Jaspn_ Yo voy de fijo. Ahora llamo a reservar
552,Hola me complacer√≠an con #ParaOlvidarte de @MauYRicky por faaaaa Saludos desde Liberia @azul999fm
553,Hola me complacer√≠an con #ParaOlvidarte de @MauYRicky por faaaaa Saludos desde Liberia @lamejor991fm
554,Hola me complacer√≠an con #ParaOlvidarte de @MauYRicky por faaaaa Saludos desde Liberia @OK1055FM
555,Hola me complacer√≠an con #ParaOlvidarte de @MauYRicky por faaaaa Saludos desde Liberia @radiocientotres
556,"@melangelesvc Ni tamales, pierna, ""fresquitos"", queque... nada!"
557,"Y en el caf√© son√≥ ""Son In√∫"". Y hasta los que est√°bamos sentados, nos meneamos"
558,"Malparidos! Malditos! Malnacidos! Ya hay carta de Lillie en ""Full Art"" y todo y de Serena nada"
559,@gbviquez yo quer√≠a que me dieran la bcr as√≠
560,"@TutzyFF jajaja que bueno verla anoche, que pases un excelente d√≠a"
561,√âl se ha ganado un lugar especial en mi coraz√≥n.
562,@fabian05_p perdida ya no tomo coca.
563,Quiero que en serio me paguen para poder irme a rayar la otra semana
564,@XiniaCH Xinia de mi vida ten√≠a toda la intenci√≥n pero se me hizo imposible al final del d√≠a
565,Amanec√≠ lleno de la comilona anoche en el #BNOpenHouse ...pero siempre hay campo para m√°s . A desayunar
566,"¬°Buenos d√≠as! Con o sin gripe, hoy se disfruta el d√≠a."
567,"@AzulAlytaSoy nombs cu√°l tercera. Yo voy a muchas actividades de @bnmascerca en el a√±o, ya van m√°s de tres"
568,Necesito unos tacones negros a las ya
569,@Linnjimenez y uno se pone triste cuando no quedan papas en la bolsa.
570,@SoulsTRK @youcaring ¬°COMO QUISIERA AYUDAR! Pero no puedo soy menor y no tengo tarjeta y mucho menos dinero si tuviera ¬°le dar√≠a todo!!
571,Hoy llegu√© 50 minutos tarde a clases. Fui literalmente solo 10 minutos. Dur√© 2hrs35min llegando a la U.
572,La segunda temporada de Fuller house me dur√≥ 3 d√≠as.
573,Estos ser√°n los dos √∫ltimos shows que bailo con mis minis bboys.
574,"@gabrielselva_cr Ah no, es en el Auditorio Nacional. Hasta el pr√≥ximo a√±o en Marzo jaja"
575,"@afranchesqui @marhegu S√≠, tambi√©n he le√≠do quejas en twitter sobre la interacci√≥n social en los buses."
576,Estaba durmiendo tan ricooo jaja que c√≥lera que me dio cuando me despertaron
577,"@Ana_AvilaM hmmmm no s√©, a√∫n las siento pegadas en el cielo de la boca"
578,@fersalas2205 Yo igual no trabajo el 26.
579,@cotarola No sal√≠. No puedo manejar: Migra√±a
580,Necesito ir a mi hogar y dormir con mis dos hijos peludos y Kabek y su gripe
581,"Porqu√© terminaba contrato, ya v√≠ seguro se fue solito"
582,Me hace sentir tan bien al ver a mi ex y no sentir absolutamente nada por el
583,"En definitiva! Me qued√© sin campo para ir a Tacares, ya que me hab√≠a mentalizado y ya hasta quer√≠a ir #percebe"
584,#YSF2 @MundonickLA La mejor serie en todo el mundo !!!
585,Ser√° que en serio alguien puede dormir tanto
586,@SanzZeriTica y qu√©? No ser√° la primera vez
587,@wkCArlos yo soy igual Jajajaja trat√≥ de evitarlo pero no lo logro
588,Que buena vibra me transmite @Cocofunka
589,Adquir√≠ @semrush_es para un sitio que abarcara 10 pa√≠ses y hasta el momento me ha parecido una excelente herramienta.
590,"Un Pa√≠s tan afectado como Hait√≠, necesita del mundo entero."
591,"@DraHongo y son adorables, pero diay... Ya no hay nada que hacer"
592,@solounrobot @TVyNovelasMex ¬øSer√° solo digital entonces? ¬°Perfecto! De verdad much√≠simas gracias Un abrazo desde Costa Rica. ¬°Pura vida!
593,@jevs_ Acabo de llamar y si tienen! Much√≠simas gracias
594,Cuando hago desordenes con el horario de la comida me agarra un dolor de cabeza permanente
595,"NUNCA dejen el Snapchat abierto en el celular de la mam√°, creo hoy duermo en la calle"
596,Creo que tengo una contractura en los hombros as√≠ o m√°s hecha picha?
597,#superluna eectativa vs realidad. Gracias ‚Ä¢ ‚Ä¢ ‚Ä¢ ‚Ä¢ ‚Ä¢ ‚Ä¢ ‚Ä¢ #crc #puravida #costarica‚Ä¶
598,"@ESPN_FDJ Soy de CR estudiante de periodismo me encanta el √°mbito deportivo los admiro y sue√±o con conocerlos, porfaa? #FDJPuraVida"
599,Si la U cerr√≥ todo... entonces yo estoy libre hasta el lunes
600,"Que bonito, la lluvia regresa cuando me toca ir por mi Hermanita al Kinder"
601,Alguien tiene alg√∫n contacto que haga queques navide√±os?
602,ustedes saben que mi vida se basa en vistos.
603,Se lesiona Bale antes del cl√°sico
604,@cris525cr que todo les salga muy bonito
605,"Sin Morata, Kroos, Bale y puede que a√∫n sin Casemiro para el cl√°sico"
606,"@francellabrenes Rajado, y mientras llega ac√°"
607,@funfillegamer Soy muy malo funfi me da pena y todo
608,"Mae eso si es cierto, ahora nadie (la mayor√≠a) busca tener algo serio"
609,"11.46PM y tengo hambre, mejor me acuesto ya por que la panader√≠a est√° cerrada"
610,@isamarsanchezg Antes era m√°s seguido Saliamos por batidos de maracuy√°
611,@AndreaVasRo Lo es. Sin ning√∫n respeto al dolor ajeno
612,Badilla era tan tan guapo que sent√≠ feo cuando me di cuenta
613,Yo si que odio recibir noticias as√≠
614,Ay la canci√≥n de tercer cielo
615,@welcometofridda jajajaja ya en serio me haces falta
616,@Adri_hdezv Bby muy duro la verdad
617,"@AndreaVasRo @vulturgryphus Otra decepci√≥n... (me estoy haciendo la v√≠ctima dram√°tica, obvio)"
618,@MaryMatamoros √âxitos y buena vibra en el recital!
619,Que pecadito la gente afectada por las inundaciones
620,"tengo como 10 horas de estar mareado y con ganas de vomitar, ya esta bueno verdad."
621,"@titabobra exacto, qu√© colera me da eso"
622,"Mi mam√° me dice que no vaya al col√©, en serio que la amo. Pero tengo que ir"
623,No mames lo triste Gabriel Badilla y por el corazon! El miedo que me dan esas cosas.
624,Lamentable lo de Badilla... un sentido pesame para sus hijas que se quedan sin pap√°
625,"O√≠do en McDonalds ""el mejor mannequin challenge que he visto hasta ahora es el que ha venido haciendo este gobierno desde hace dos a√±os"""
626,Maldita lluvia me mata mi negocio. As√≠ nadie quiere ba√±ar ni sacar a los perros.
627,Veo que s√≠ la depresi√≥n tropical se convierte en hurac√°n se llamar√° Otto. Que comience el MemeFest!
628,"Hola, @latrwn1. En este momento no lo tenemos, pero como siempre: queda encargado para el pr√≥ximo pedido"
629,"El tren cada media hora es un mito urbano, no ha pasado el de las 9"
630,Lamentable informan que muri√≥ Gabriel Badilla. #RIPGladiador
631,Yo s√≠ lo sent√≠ y me lleva puta
632,"Hola, soy Sole, el sism√≥grafo humano"
633,"@ushcala que bueno, claro que si, env√≠ame tu direcci√≥n de correo por DM"
634,"@AnDiGu Hola, me dijo que estaba bien, fuertes aguaceros y mucho viento pero todo bajo control. Gracias por preguntar"
635,@moboza pavas igual y no nos.dejaron irnos a la casa
636,"@rafa514x excelente, estamos muy atentos a tus comentarios"
637,@_AlejandroDP no estoy en la zona roja
638,Juro que el pr√≥ximo cuatri busco aparta con alguien no puedo con esto de estar sola
639,@ekallestad qu√© bien suena una n√≥rdica hablando en argento
640,En Heredia ese temblor se sinti√≥ leve pero horrible
641,Quiero una caldosa y un granizado.
642,Uri por cobarde se fue en la colada. #moisesylos10mandamientos
643,"@Erito0513 Shi, pero como el a√±o pasado no jajaja ah creo que no fuiste"
644,Otro terremoto y otra alerta de Tsunami para Jap√≥n.
645,desde hoy en la pura ma√±anita no veo a mi pap√°
646,@valegarrou jaja es lo menos que hago por dicha pero si paso pegado a FB
647,"Exijo un beso como el de Carl y Enid, que lindoooooo. Wtf #twd"
648,Los anuncios de TV de posgrados de mi alma mater son tan malos.
649,"@anamablaba buena idea, anis, pero ellos saben que yo ni un pancake puedo hacer bien"
650,@emacavi @ViuditaCR como dijo ud Algo Similar entonces.
651,"Bueno por dicha ya estoy en Zarcero, no estoy en la calle. haha"
652,"Que se hace cuando mi mam√° tiene facebook, y no me da pelota por estar metida en el celular."
653,@zeroanima t√≥mese de algo de una vez y listo
654,"@valealfaroq Yo ando en las mismas, pero no tanto dolor sino inflamaci√≥n y parezco embarazada. ¬°Qu√© horror!"
655,En enero la ropa est√° m√°s barata por si no sab√≠an
656,Que triste todo este cierre de a√±o para mi üá®üá∑ linda
657,"@mishafantana si obvio eso es lo importante, gracias por preguntar"
658,En mi pueblo anda una patrulla de @fuerzapublicaCR recolectando alimentos no perecederos. En mi casa ya donamos #CostaRicaUnida
659,"@Brenes0791 Yo estoy super ansiosa, el asueto me da la tranquilidad de estar con mis pap√°s, nada m√°s"
660,@meLiKosha @sputnk no vi esto igual no pod√≠a hacer mucho
661,"@Maluavi @edmed82 @figuerescr invitad√≠simo a hacer las cosas diferente, hay que involucrarse y dar espacios a la mejor gente."
662,@massiel_ml amiga siiii y la pobresa extrema sigue
663,Yo ya estoy con gripe y ni me he mojado
664,@andynuinsa @NachoSantos7 me dejo congelado. Por algo es el amo de los ratings!!!
665,@NeneAlfaroB Am√©n! En serio hay q hacerlo
666,Mis anteojos est√°n demasiado flojos y eso que tienen meses de comprados
667,Yo solo estoy pensando en proteger a mis gatos y a la perrita
668,Segundo cuarto y Golden ya lleva 73 puntos
669,"@KimSalas21 La vida conspira en contra de uno, que injusto jaja."
670,"En Curridabat muy calmado, ni una gota de agua y hasta caliente est√° 20¬∞v... #nomegusta"
671,@car_hidalgo lo hacen a diario. Hoy es m√°s palpable por la emergencia. Ô∏è
672,"@vesamo13 ok, vea el lado positivo, tiene un motivo para hacerle drama el resto de si vida."
673,"@gaby_mata25 La voz sepsi que debe tener Que dicha Gaby! Ya el lunes regresar√° ""con toda la pata"""
674,Esta va a ser la noche m√°s larga para muchos
675,@conoche repollo Ud √∫ltimamente como que muy amargo
676,@tvnnoticias No para esa hora. Es devastador el efecto de #OttoCR en mi pa√≠s en realidad
677,"@GLOri_177 Gloria, ¬øen serio? Es muy probable, qu√© triste."
678,Hoy puede ser el pen√∫ltimo cap√≠tulo de Ragnar Lothbrok
679,Se me rompi√≥ el pantal√≥n horizontalmrnnte por el muslo hasta debajo de la nalga... Ya estoy a la moda
680,@WancitoCubero @ericsolanog Me uno a la triste historia de no vacas
681,"Que chiva pasar debajo del puente de la platina, siempre he querido ...es en serio."
682,"¬°¬°EL PUEBLO M√ÅS BONITO DE ESPA√ëA 2016!! Enhorabuena @viniegradeabajo S√≥lo Rioja, s√≥lo bueno"
683,@Bejardo ahh no eso fijo... Pero en este caso en especifico hablo solamente de vestimenta
684,Estoy solita en la oficina... pondr√© mis v√≠deos de cosas paranormales sin aud√≠fonos
685,@gat1tu s√≥lo viste feo... Lo dem√°s todo ok
686,Ayer inicie con mi proyecto de hacerme mi propia huerta
687,Que dicha que hay trabajo y salud y vacaciones tambi√©n
688,@joharoversi ja ja pero est√° precioso el condenado.
689,Juegos de p√≥lvora y mi perrito asustado
690,@_Star_Vader tanto libro chiva que hay Y buen punto... Comida entonces
691,@Chamo_A_ la hijueputa tela se me sali√≥. yo quer√≠a volver a quedar acostada.
692,Estoy as√≠ de no salir hoy.
693,Vamos a pasar a√±o nuevo a la playa No? Bueno
694,Extra√±o todo de Bel√©n Es tan chiva...
695,Y nos vamos encontrando a un ex en el hotel...
696,Mi hermano y yo convertimos el comedor principal en un caf√© internet
697,"@edgumaco me acuerdo de la cl√≠nica Norza, el Peri, las casas en lotes llobet da√±adas"
698,Todav√≠a no me he comido un maldito tamal
699,@oviedo_6 yo personalmente lo bloquear√≠a inmediatamente pero al final yo no soy una belleza so
700,Hoy tuve mi primera premier y fue un √©xito
701,@Jefersonserrano @luisricardo_28 @danielugalde07 @Stedich7 nombres yo llego hasta las 10:30 s√°bado a las 7 AM mejor jajaja
702,@vale24_12 siempre es bueno la opini√≥n de un playo
703,Soy el ser m√°s distra√≠do del mundo
704,ojala que te de un bloqueo mas grande que el de mi cel
705,Toda mi familia va a estar dormida en mi graduaci√≥n
706,Espero que mi jefe me de ma√±ana libre
707,"@Ka_Arroyo_ jajaja yo nunca spoileo, eso lo odio pero le recomiendo no meterse a Tw ma√±ana"
708,"@hippielandsoul Yo defend√≠a un poquito el 2016, ya no."
709,@valeriazumbado Esto es lo m√°s triste :! Pero espero que el 24 s√≠
710,"@AfichesManudos Con las rayas m√°s gruesas, me gusta Pumas sabe lo que hace"
711,@vrandrd bueno igual la ver√© porque el protagonista es muy guapo
712,Para mi mam√° toda la ropa que escojo es fea hasta que me la ve puesta
713,Llevaba tiempo de no estar tan quemada
714,"@germangn09 pero igual es feo, horrible, espantoso"
715,"@LisethBriceno rajado que si, lo voy a extra√±ar un poquito"
716,"Buen d√≠a @Dr_ivrecagu muchas gracias por su comentario, es un gusto servirle."
717,Ser√≠a la mejor compa√±√≠a para Marce y Osquitar  Bueno y yo
718,@HenAubSol17 yo estoy igual... Hoy pequ√© feo
719,Feliz termin√© cuatri fue un √©xito . Ahora sue√±o con algo grande
720,"@ReinerJosueUH que raro, el m√≠o si es real"
721,Mis lunes no volver√°n a ser iguales @Luis_GadeaA
722,"@victorA_perez Ah bueno, gracias por estar taaaan pendiente de nosotros"
723,Ayer me dieron una botella y le pegue un trago pensando que era yin o Fresca gracias marifer
724,@Leiva89 lo puse y v√≠ la INT de Manning. Est√° empezando igual
725,@conejoceni01 d√≠game que no es caro porque ya estoy bien pobre
726,Amo la nueva canci√≥n de Sof√≠a Reyes
727,Ya no me quiero mover Est√∫pidos aeropuertos.
728,La pr√≥xima vez que vaya a un bar hasta me sirvo yo solo.
729,Me corte el pelo y me siento demasiado pelona
730,ma√±ana tengo el d√≠a libre y no tengo nada m√°s que hacer que dormir
731,Cada vez que veo a esa muchacha est√° m√°s guapa
732,@Lalusa @moboza @Andrey_Amador errar es d humanos. no debe d pasar a m√°s.
733,@charlie10cr seguro las productoras estaban centradas en traer los de siempre
734,"Tener grandes eectativas a futuro, eso es vida"
735,"@ignaciosolisw ya yo voy de vuelta, pero le dej√© la pampa lind√≠sima"
736,"Me voy ma√±ana para la playa, confiando que el sol me quite esta gripe tan horrible."
737,Envidio de buena manera a los que tienen la oportunidad de ir ma√±ana al estadio
738,@KaroRC4 hay unos que son casi misi√≥n imposible pero est√° super lindo
739,"@cotarola Te mando un abrazo. Vienen d√≠as duros, pero se superan eventualmente"
740,No me arrepiento de nada ah Ojal√° tuviera dinero infinito
741,Cuando queres comprar muchas cosas pero eres pobre
742,Lo extra√±o demasiado! 5 d√≠as es demasiado para m√≠
743,@zeroanima Esto me hizo feliz pero aun mas triste por no poder teletrabajar
744,"@cmfluisangel ...Misionero ideal, Oh Claret! ...109 beatos nuevos"
745,Ma√±ana que entonces? -Yo buscando donde pasar navidad por que me dejaron solo
746,Me da tanta playada tener que ponerle el cono de nuevo a whiska
747,"Quiero amigos que le gusten mis gustos musicales, ya tengo pero viven largo"
748,Qu√© rico el silencio de mi cuarto
749,"Desayuno guanacasteco Hoy es Nochebuena, hoy damos vueltita por Nicoya"
750,"Pens√© hacer algo con Bel√©n y machu, pero de nuevo me dejaron sola"
751,"Feliz navidad, feliz navidad, feliz navidad y feliz navidad"
752,@__el_Negro ah mae que duro eso en este d√≠a
753,@Chelo1478 porque si digo que quiero mam√≥n chino me dicen una vulgaridad
754,@gaby_mata25 @LuisEs22 Fue la √∫ltima vez que fuimos al cine
755,"@moriuper hola! No, ya no hay m√°s sur"
756,"@KimberlyReyesC4 Como te digo, come maaaas y en mi casa s√≥lo estamos mam√° y yo"
757,"@Jey_Gut Aun no tenemos fechas definidas, pero te avisamos apenas sepamos"
758,@msalgadocr de fijoooo. Y luego juntos olvidamos que fuimos a Palmares
759,"@eebenitez_ Jajaja es muy triste esto, pero ya hoy consigo otro"
760,Mami se acaba de ir y ya la extra√±o
761,@JuanamartinezH Seguirme es lo √∫nico que tienes que hacer.
762,Ayer llor√© viendo a @AlexBadilla en el snap que playada
763,@CNCOmusic reggaeton lento la canci√≥n del fin de a√±o
764,"@BrujaMalvada_ no tengo en la casa apenas entre, te mando uno as√≠ jaja"
765,@argmau deben ser mejores las que no me hacen menchon
766,"Estoy viendo #Bridegroom en Netflix y me tiene de un puro moco, v√©anla!"
767,Ser productora radiof√≥nica es lo mejor de la vida
768,@nubecina @grassengel pero no est√°n en el cant√≥n central de SJO
769,Si ocupan gente para una mejenga yo estoy disponible
770,@jatenas @Amareto Abrazote enorme!! Sos un √©xito!
771,@Jovel_Alvarez no s√© si a todos les funcione pero ¬°nosotros s√≠ que lo vemos cumplido!
772,Quiero como tener carro para hacer todo r√°pido
773,Tristeza m√°s hp me da siempre en a√±o nuevo
774,no encuentro ninguna buena serie en NF.
775,@Alphasniper97 Alpha suerte y ten un feliz a√±o 2017
776,"@sancarlena77 @miguelpintor05 @demalaspalabras sip, te entend√≠ por tu tuit anterior"
