|Content|Sentiment
0|Yo espero tranquila. Si gana de nvo alg partido tradicional, después sé q podré pasarla mal, pero tamb me voy a reír bastante.|NEU
1|Los fracasos de Michelle, Cristina y Dilma muestra que no sólo las izquierdas no son mejores, sino que las mujeres tp gobiernan tan bien|N
2|Debemos orar por los hnos venezolanos gente q es rehén hoy de la crisis en su país.Yo tengo amigos venezolanos q me preocupan en serio...|N
3|Me dijo que no le había gustado no se cuantas cosas pero me estuvo hablando todo el tiempo de eso JAJAJAJJA no entiendo loco|NEU
4|@susanagkp jajaja yo fui el viernes ! precavido pero el finde pasado no fui a la feria y quería ir pero ya veo que toca esperar...|N
5|iba a ir a la feria pero me encuentro que llovió y esta bastante feo así que procedo a meterme en la cama otro rato|N
6|@VirginiaBfo en ese baile conocí a mi ex y esa fue mi ruina ! y trabajé en un baile muy bueno desde los 21 a los 28|N
7|necesito un amigo que me acompañe al oftalmólogo porque me voy a quedar ciega por unas horas igual si no pueden voy sola está bien|NEU
8|Está demás porque mucha gente piensa que soy lesbiana. Saben donde se pueden meter sus estereotipos no? Si, ahí donde no les llega el sol|N
9|@letifcosta @letsgroove27 le dijo que estaba pronta pero que se iba a cambiar y que era hora de que el se fuera....de su vida ! + o -|N
10|@mvdsister Para mí son los sábados. Entre semana no estoy por ahí. La bondiola y el carpaccio de salmón, con entrada de jamón ibérico|NONE
11|Bnas tardes/ noches a todos, mis amigos! Otro partido de la celeste q me pierdo x el trabajo. Espero q esta vez tengamos mejor result!|NEU
12|@Exidax no seas tan bueno|NEU
13|No quiero hacerme otra credencial|N
14|@veronica_alonso @RamelaCarlos dice q no existe clase media de donde cree q sale $$ para las subvenciones, de Disney?, ah no, tampoco.|N
15|"le dije a mi mamá si podiamos salir hoy ya que esta re lindo el día y me dice ""tu padre y yo tenemos un cumpleaños hoy"""|NEU
16|estoy pensando q a esta hora estaría viajando a argentina necesito q me peguen un balazo y me revivan desp del maximus ahre ni me revivan|N
17|Hoy es el cumpleaños de mi mamá y estoy con un sentimiento encontrado de querer ir corriendo a abrazarla y comer rico y reírnos all day.|P
18|"@porlagoma bueh, recién entrando a twitter y me puse a verlos.... YA ME TERMINÉ DE DESPERTAR"", fuerte, el de GiancarloStanton ufff"|NEU
19|@Brendadema Hola Brenda, por favor envianos tu mail de usuario por MD para que veamos qué sucedió ya que la promo está activa Saludos.|NONE
20|@Adri_tranqui si ? jaja muy bueno ! miré mucha tele y me vi muchas series las veíamos con mi viejo aún lo hacemos de vez en cuando|P
21|@pastafruli Te hamo juerte guachita!|P
22|lo único que quiero es saber si sharon sabe a quien se refiere rey y si matteo se queda o se va nada más disney #TerminoSoyLuna|NEU
23|@diebamu debe tener la duda si convoca a los de la altura o a los del llano o los que se adaptan a las dos !|NONE
24|@ber_uy Lindo buzo por cierto|P
25|@wilfredotuntun se vienen tiempos dificiles|N
26|@rickymanjarrez miraré el programa completo y ya esta gracias me encanto lo que escribiste sobre marc y jlo en la foto q RT Gracias!!|P
27|Pensar en esa posibilidad nada mas me parte al medio y no quiero saber si llega a ser asi como me puedo llegar a poner|N
28|No me dejan irme tranquilo|N
29|@SoyAria Hermosos! Hoy Cris fue tt otra vez, como en cada final de GH, a años de q haya sido ganador. Fue el mejor!|P
30|Todo depende de ti. La ayuda es buena Pero todo lo que pasa y va a pasar en tu vida va a depender únicamente de vos|P
31|@_anatabeira que bien ! cada vez que salgo la gente me saluda pero el otro día salí con la del FA y fue impresionante !|P
32|@perezfedullo si ! y el que votaba observado era uno adentro de otro, pero si votó mucha gente y eso esta muy bueno !|P
33|@pablosilart En la escuela te deberían haber enseñado que lo sano es tratar de superarse a uno mismo, no mirar a los otros @JavierdeHaedo|N
34|@GScharrua ¿Y tu? ¿Contame que les dan a las focas en el zoo? jaaja Gracias por hacerme reir gratis, TODO LO DEMÁS TU GOBIERNO LO COBRA|N
35|@DeLaFigurita Si obvio! unos patines|NONE
36|Tarde con mi peque #Broh|P
37|@PPTeamLesslie me pone taan triste q no puedan venir a uruguay o no quieran y no hagan un show asi ojala vengan y hagan algo como en arg|N
38|@Will2380 ¡Hola! Cada uno es para una funcionalidad de la app Si nos envias un mail por privado te lo podemos elicar al detalle!|NONE
39|@agusti_pena No te creas Agustín, te paso el dato q antes habían 7 mujeres x cada hombre y ahora hay más hombres q mujeres, así q PILAS|NEU
40|@Enana1515 Lo se,pero ahora entiendo lo que es querer y no ser querida,yo se que voy a superarlo y estar bien,mientras nunca me dejes vos|NEU
41|@Enana1515 NO TE LO MERECES ESO ESTA CLARO,pero de esto se trata de superar todo yo estoy al firme mami y ya van a llegar las buenas|P
42|"X un error ""inexcusable"" d un fiscal y una jueza q absolvieron a un pedofilo,ellos fueron trasladados y no sancionados. Justicia? No hay."|N
43|yo soy una persona que cuando es sabado o domingo se queda dormida hasta las 1 o 2 de la tarde jajajja :V|P
44|me gustaría volver a sentir q tu me miras, sentirse la única persona en tu vida, rozar tu cuerpo sin preocupación alguna y ver como me|P
45|@acules cómo lo subiste? Yo lo único que puedo hacer es dar dar el cel contra la pared y no sube de nivel nunca|N
46|@louisaphire mi botella de agua fav gracias por ser tan linda conmigo y siempre apoyarme en todo, te mereces lo mejor te amo y te extraño|P
47|Que hermoso esta el solsito|P
48|Hoy la veo poquito creo|NEU
49|"@DrLMelchor Muy bueno lo de ""... y creemos una Real Sociedad de Cientificos... Bueno, o Real o no!"". Muy de acuerdo con lo que dices"|P
50|Estoy twitteando mucho para olvidarme que cerca de casa esta lleno de cosas voladas y tengo el mar a punto de romperme la ventana|N
51|@ValenTamara3 es una adolescente lesbiana, re callada, rara. No está mal la película pero como te digo, capaz no te cuelga. De nada|NEU
52|@joelalsolo ta bien hablo de penarol ! viste que le ganamos a lanús que fue el campeón de argentina y ganamos la copa río de la plata ?|P
53|@tatyynacional pero si estoy sentado|NONE
54|@GroseroKesman @perezfedullo seguramente nacional se dejó ganar por que el q tenía que festejar era fénix ! por lo menos así lo veo yo !|NONE
55|@sebtsb ay seb como haces para usar zapatos sin medias otzea a mi me lastiman todo arriba de él talón btw esos son los Adidas que quiero.|NEU
56|@dannyviLe Lo que no es razonable es que tres encuestas, hechas en la misma fecha, le den 2%, 3% y 8% Todo puro humo.|N
57|Me sigo sintiendo re agotada|N
58|Direectv y otros momentos lindos|P
59|@Alita_ntvg Te amo con todas las letras.. halla y acá. En buenas y no tanto. Ahi estoy, siempre con vos. Como vos conmigo, bombonazo.|P
60|bien @PlazaColonia ! no ganaron y no perdieron x goleada en los 90 y ganaron por penales ! no era lo q quería pero bien x ustedes|P
61|@auronftomg lol, eso es horrible En Green Day dijeron que este año sale uno nuevo, ya me estoy impacientando y el hype is real|NEU
62|@perroju666 Tenemos, pero (1) no dura nada, porque la carga es terrible y (2) reemplazar las baterías nos sale carísimo y nunca hay plata|N
63|@EuniceCastroC a mi tambien me gusta la primera ves que la vi fue en una revista de national geographic .tendria 10 años besos bella|P
64|Che náutico! ahora vas a saber lo que es sentarse ante un juez. Mirá que se mueve la cosa por suerte para nosotros #JusticiaPorSofía|NEU
65|Los mejores abrazos sin dudas|P
66|@mvdsister @elpaisuy my god!!! Se sabe si hay alguna tolerancia? O venderemos el auto xa pagar multas? Cdo tienen razon la tienen|N
67|@joelalsolo a mi sobrino mas chico se le había roto la t la g y la b ahí eras un poco complicado hablar con el !|N
68|Igual nadie quiere conmigo ajjajaj|N
69|Esto de tener un hijo ya grande es una ventaja .... lo podes mandar a la sociedad a buscarte los remedios ... cco @nicolascabrera4|P
70|@_anatabeira no ! lo que pasó es que me agarró en av.giannattasio al lado de TI y no en lugares lindos como a ustedes !|N
71|@AYATOlSMINE @LEVIFANCY Es un header de arctic monkeys pero está re bueno el icon, lo hice hace como 3 años, lo uso desde el año pasado|P
72|Loco yo desde el sábado estoy pensando en lo divino que es el hermano de Vanesa Britos jajajaja, eu queria uma foto com ele nao com ela|P
73|"@cuervotinelli @MathiCalfani lo mejor para vos De un fanático ""azulgrana"" (de la UA)Te lo merecés...Sos tan crack que zafaste del clásico"|P
74|Primero fue buscando a Nemo, hace un par de semanas a Dory y ahora a un Pokemon Jonny la gente esta muy loca!!!!|N
75|el agu me dejo solo|N
76|@gen_ghibli Vi Kaze Tachinu hace dos noches... Me encantó, aunq es diferente a lo habitual de Miyazaki. Y lloré en el final...|P
77|cartoon network censura las parejas gays en steven universe y no censura el humor negro de gumball o la violencia de dragon ball z hdps|N
78|¡¡Buenos días!! Ya somos 996 en el canal, así que hoy tendré que grabar mi reacción llegando a los 1K Que pasen un #BuenViernes|P
79|Solo porque es viernes yo sigo en la cama y me da igual llegar tarde... Igual, ya me estoy levantando...tampoco vamos a abusar...|NEU
80|@MarioGorgo @Dennis08481468 @huesopintos eso fue lo peor ! y el cooper no me lo compro ni loco ! tengo mejores opciones y mas baratos !|N
81|Un Gorditoo lleno de sentimientos|P
82|Tranquila, lo vas a superar.. solo estaras tristes unos dias. .desahogate, llora.. no hables con nadie.. solo sacalo. Pronto estaras bien|P
83|Están buenos los temas de biología, se entienden. Lastima que la divina de Cecilia siempre busca la forma de sentarnos a todos|NEU
84|Buen diaaaa... Al menos hoy voy más tarde al trabajo porq ayer me quedé más de media h dsp de mi hora de salir...|P
85|@marianabolonini es la sensación q siempre he tenido fte a la crueldad y el horror, además de la rabia... por qué? Es incomprensible...|N
86|Hoy se intento hablar de cannabis en Esta boca es mía y fue algo incómodo, hubo q elicarle a una chica trans cómo discrimina a usuarios|N
87|@PabloMonti1 me esta pasando lo mismo hace una semana y n tomo mate estaré atenta a los doc matriculados q te den respuestas por acá jaa|NEU
88|Extraño tanto a mi Bro Ale!Las salidas,los consejos,las jodas con la peña! Todo me hace tremenda falta!|N
89|flor -que lindo lo que escribiste en tu tuit fijado -no se quien es pero espero que lo abraces -linda cuenta !!¡|P
90|"""La realidad es mucho más fuerte que la ficción, la realidad huele, tiene familiares llorando"" @mikelayestaran Gracias por la skype-call!"|N
91|"Curioso. Entre ""a mi nadie me pautea"" y ""me entere por la prensa"", ahora queremos un periodista lider de opinion presidente. Genial"|N
92|@mor_ticia no aguanté a la trotsky, sali a fumar y aparecieron unos tipos re cargosos a hinchar los huevos asi que me fui antes|N
93|Se siente la risa a carcajadas de fondo ,de la madre y encima aplauden ,un horror con esos amigos ,no precisas enemigos nena|N
94|@pulsionparcial Derrota por amplia diferencia?|NONE
95|@VeronikMGWV hoy dia tiene 9 meses mañana te paso fotos actuales ,si es un zorro adorable ,llego a mi vida en un momento justo lo adoro|P
96|No compitas con nadie, no tienes que demostrarle nada a nadie, no tienes que llegar a donde otro llegó, solo superar tus propios límites.|P
97|@ElCrull Jajajaja a que mala impresión|N
98|En la Red dijeron que si llega pablo Perez le abren la puerta de salida a Mendez maal mal mal deben jugar los 2 junto a Toro|N
99|Cuando la comunidad del lol es una mierda  Pero la de Pokémon es buenísima Pero salió Pokémon GO y ahora son todos possers|N
100|@UnBolasTristes En eso tenes razon jjaaa|P
101|@AlmaHistorica doy fe son espectaculares!!|P
102|"@andyygmes eres como muy tierna jajaja justo veía el ""40 cosas"" me lo pase genial! Si algún día voy a Berlín sería genial verte"|P
103|#Fiebre #dolorentodoelcuerpo... con #hijobello de enfermero e #hijospeludos|N
104|@OTROGUAPOSUELTO @ModaDiceEs @vine YA ME INSTALE LA APLICACIÓN Y ME COMIÓ EL COCO !! seré un inmaduro? Tengo 34 pirulos : p !!|NEU
105|Informatica (computación) - 8 No se porque tengo esa nota si yo lo único que hago es entrar a hangouts y chatear con gente rara|NEU
106|"@Cybertario Es como ""no escupir para arriba"", me extraña que el corporativismo (o las transnacionales lo hagan ir a lo literal"|N
107|@vmayo72 yo si esta lindo me voy pa la feria ! hoy fui y lo único que compré fueron 5 paltas a 100 mangos|P
108|@TownGamePlay Townsitoo, podrías saludar a mi mejor amiga Titi? es animatowner, y está pasando por un mal momento familiar Gracias!|NEU
109|El propio dolor de panza|N
110|@cuervotinelli @elchatoprada @hoppefede @ElchuecoSuar Buenos días !! ...|P
111|@visigoten el folio lo tenía en cosas de su oficina mi padre, se jubiló y di con el. vi si quién es coordinador general!!|NONE
112|@zeta_dos Ojalá todo sea para bien, pero veo en este gobierno vicios distintos al anterior, pero fallos en fin. Pero ya se verá q pasa.|NEU
113|Leyendo el fin de los tiempos y escuchandi mumford & sons... todo esta perfecto|P
114|En mi vida siempre pasan personas, De esas que valen oro, pero nunca vas a tener. De alguna manera es muy lindo ilusionarse|NEU
115|@_pepepar Bueno, eso viene por el lado de los apellidos. Hay quien usa apellido doble porque el 2do tiene más alcurnia que el 1ro|NEU
116|@leonardo_veglio Tu argumento es un poco personal. Pero sí, las cosas se terminan. A algunos en 115 años, a otros en 15|N
117|"@VickyMarquez__ Si le pareces fea no te la comenta , te quiere re garchar pero no sabe como decirlo y un ""Linda"" no queda"|NEU
118|Voy a intentar jugar al truco, al que le toque jugar contra mi internet lento, perdóname, no es mi culpa|N
119|"@Maapolinski Bastante ridículo. Incluyendo eso de que parte de la morosidad es de ""afiliados que murieron"" y no fueron dados de baja"|N
120|esa no me gusta sorry|N
121|.@cocoramazzi Ja, ja, muy gracioso. Teniendo en cuenta que tu posteo inicial es el elogio de un artículo lleno de odio y resentimiento.|N
122|@RufinaCamejo Ud. dele que Ud. puede. Y si te critican les tirás que lo hacen porque sos mujer y estás salvada @diego_vallarino|NEU
123|@JuaniTinelli_1 Tqm !! Tas re grande y linda Besos para tus hermanos  !!|P
124|@2891891cap me qedo en lo de joaco tengo q agitarlo para ir algo difícil q vaya y q me deje ir sola menos asi q no se|NEU
125|No puedo creer que estoy llendo por una hora sola al liceo nono que onda voy por 45 min nada mas mejor no podia ser|P
126|@elchatoprada @hoppefede Buen día !!|P
127|@cuervotinelli Buen día P@!! , excelente Viernes , te veo hoy a las 23:00 hs .TQM  !!|P
128|@AlpioCosta hola, hace mucho q no t veo @arribaarg q pasó? te veía todos los dias desde Uruguay.la verdad q se t extraña chiquilin. volvé|NEU
129|@cuervotinelli @elchatoprada @hoppefede Recién llegue del gym VOLANDO !! , así los veo , duchaso y toy listo  !!|P
130|Y un poquito de vino..|NEU
131|Plan familia a full, después una linda recorrida por Argentina. ¡Volvimos nuevos y contentos! ¡Viajar y tocar lo máximo!|P
132|@daphneedenis corazón lleno de odio!|N
133|@cuervotinelli Buen día para el Conductor televisivo número 1 de América  .TE AMO CON TODO MI CORAZÓN P@;3, te veo luego a las 22:30hs|P
134|@ElDemonioAzteka prefiero la verdad por más dura que sea y no vivir en el engaño de la mentira !!! Te mando un beso desde Uruguay|NEU
135|@TipicaLoca que lindo ! en casa entró uno y no podía salir y se dio contra un vidrio y lo agarre para sacarlo y son super suavesitos|P
136|@vivianagarcia73 @anitafb Muchas gracias Sandra por tu ayuda y esperamos que los tips sean útiles para Anita. Seguimos en contacto!|P
137|@cmenghi A menos q seas empleado de Riogas, Alur, INR, IMPO, vicepresidencia o cosas así. Tener título está sobrevalorado @Nico_Selser|N
138|@cuervotinelli Muy buenos días para mi papá que lo adoro con todas mis fuerzas  ... Excelente Martes !!!|P
139|.@sebafle @diego_vallarino jaja a mi favor debo decir q tampoco es un descubrimiento mío, sino de mi hermano,y aseguro q es independiente|NONE
140|@mister__lemon No, claro que no. Es convenir aspectos puntuales en los que haya acuerdo. Helado y con barquillo, pero varía el gusto|NEU
141|"Haciendo el Notitest de @TelenocheOnline, me salió ""Eerto en Noticias"". Que veterana que estoy"|N
142|Y estavamos los dos buscando la manera de desir quien de los dos da el primer paso.!! #ESCUCHANDO #DOSOGAS Sola En Casa...|NEU
143|@MHackem No Cecilia, lo que hacemos está muy lejos de ninguna aplicación práctica. No me arrogues méritos que no tengo|N
144|@felipefskl No necesariamente. Quizá se necesita alguien que apueste a ganar mintiendo, por única vez, y haga lo que hay que hacer|NEU
145|@TipicaLoca lindas ! y son super mansas ! las fui apurando tocándole las patas traseras y se tomaron su tiempo ! no las apuras mucho...|P
146|@golden254 @yapeze Jajaja! Sí, leí! Creo que por acá no los tendremos hasta el 2018, por lo menos.|NONE
147|@Lpauletti Comprobado: Se puede estar en el fondo de un pozo...y seguir cavando la propia fosa. Y aun hay gte q definde|N
148|@cuervotinelli miércoles, sábados y domingos son los peores días para mi TE EXTRAÑO !!|N
149|La negra Mel que se haga del Bolso tamos todos los compadres y ella de galli deja nos re gozariamos en la abdon negra|NEU
150|@BrandonBouer aunque ya no hablemos,no me olvidé de tu cumpleaños #Felíces21 Bouer!!,espero que te la hayas pasado de lo mejor,saludos|P
151|Necesito ir a la peluquería pero no quiero ir a un que me deje el pelo horrible como la mayoría|N
152|@quijanojor jjajajaja. Mi segundo amor es Rampla, el equipo de mi papá querido... Gte de barrio, obreros, flia.|P
153|@htgawmurphy no vi el nuevo cap y no lo voy a hacer hasta que digan que caleb está en al menoS UN CAP de la s2|N
154|La supuesta federación de estudiantes que opina y toma postura en cuanto tema de izquierda hay, no dice nada del universitario Sendic|N
155|Tube que sacarle una tabla al ropero para que renzo ponga su ropa en mi lugar se pasa el pendejo|N
156|@Tocinitas @sessh0marusama gracias a las 2! mi amiga necesita lectores El fic (por si no se ve el link) está el link en mi tw fijado|P
157|Me tiene podrida no ver|N
158|@cuervotinelli @demianchildemb1 Un solo corazón !!. Te amo Viejo :*, que descanses, me fui a dormir... Me gustaría soñar con vos|P
159|Recién grabado el Nuevo vídeo (Ahora a entrenar una horita y luego baño como algo y me pongo a editar) #BuenLunes Para TODOS #FelizLunes|P
160|@KesmanAlberto Sí increíble! Mi madre decía que eras tú y cuando dijeron que era Solé... Pensamos: es igual a Kesman!|NEU
161|@Adri_tranqui eso ! en no escuchar el despertador ! y te dormís nervioso ...con miedo...y peor es cuando te acostumbraste a dormir tarde|N
162|@ciudad_com @cuervotinelli  !! El más lindo de todos ...|P
163|@RoSo_54 te acordas de lo que decía el ñato al respecto ? pelea a muerte con novick !|NONE
164|98% de los circuitos escrutados en Colombia. 60% de abstencion. Gana el No. #PazParaColombia|P
165|@psaccone @GGhelfa Es cierto, estimado. Pero el dcho de opinión lo tienen todos los hinchas de Peñarol, somos más de la mitad del país.|NEU
166|@juamigcaz es muy responsable y profesional, pero además va muy bien con el estilo de tu club, tiene mucha garra. Un crack!|P
167|lo peor es que no voy a poder ver el cap de greys hasta que vuelva de clase|N
168|@DonVascolet Lo echan al toque jajajaa|N
169|Una Fiat Panorama del 78 encendida fuego al lado del cajero me dio una lastima solo quedo la chapa y el chasis y un poco el motor|N
170|Un amigo no para de mandar fotos de tremenda borrachera diurna en Melo y uno acá estudiando al moderado de Montesquieu. I'm suffering|N
171|@Nifunifa4 Yo no trabajo ningun feriado|P
172|@Sofiarayl feliz cumple sofi!! justo hoy no me toco ir al canal!! Que pases bomba!!! Beso grande!|P
173|¡Qué lindo escuchar que estás muy comprometida con tu trabajo @vivianagarcia73 ! Ojalá ganes muchos más proyectos freelance|P
174|Jajajaja mejor que no me la robes Igual vos empezaste!!|NEU
175|3:23 AM instalando todo en un celular de emergencia y a ser paciente porque es lentoooooo pero me salvo otra vez|NEU
176|Hoy quedo pronta la tapa. Y que dificil se hace aceptar tu ausencia... Viejito mio te extraño mucho|N
177|No tuviste infancia si no mezclaste todas las plastilinas con la esperanza de que quedara multicolor y te quedó una cosa marrón asquerosa|N
178|@cuervotinelli Podes hablar con el Gurca?? YO SOY PUNTUAL !!|NEU
179|quería meter siesta entre sesión y sesión de la confe pero ya casi aranca la segunda parte|N
180|"@abbu25 compre ""Hasta Borinquen"" por internet a ver si aprende un poquito y no dice bobadas!"|N
181|@GermanDeJuana Bon jour German Buen día|P
182|Increíble ellos @rafacotelo @diegodelacurva acá en Melo, unos grandes!!!! Voy a cholulear y pedir foto|P
183|Uhhh, no me había dado cuenta de la hora tremenda que se hizo. Habrá que despedirse hasta mañana... o hasta algunas horas, je.|NEU
184|@shxwngold uy jajjaa bueno lo siento|NEU
185|@javierandresh amigo mio no se si es más complicado que te hable una piedra o alguien a quien el corazón se le hizo de piedra|N
186|Es tarde ya bendiciones mimosos|P
187|Anto te extraño veni a cuidarme|NEU
188|@Jayah29 ah ta, me pareció por tu twett sobre el petiso que aparentemente no era lo bien dotado que esperabas|N
189|@cuervotinelli Buen día P@!!, Excelente Jornada de Viernes, TE VEO HOY A LA NOCHE  !!|P
190|@cuervotinelli @elchatoprada @hoppefede Buen Día !! , que tengan un excelente fin de semana y un buen descanso merecedor  !!|P
191|@felipellambias está claro que hay clientes que pagan agencias para hacer lo que quieren y no lo que corresponde. Queda camino x recorrer|N
192|Levantarse muerta de sueño, sentarse en la orilla de la cama y quedarse mirando un zapato|NEU
193|"Hoy transité un rato largo. La frase que más escuché fue ""arrepentido... de haberlos votado""."|N
194|@leot1971 @topyman980 lo de nacional ! en este campeonato creo que no va a haber #PenalParaNacional ! no hubo arreglo|NONE
195|@Adri_tranqui yo estoy trabajando en frente de una ventana abierta...buee lo de trabajar trabajar voy y vengo|NEU
196|@dosogas Buen dia mis amores, no fui al liceo(sisisiiis) ja tremenda bobita jaja LOS AMO|P
197|@FabianImaz es solo para estresar a @kzfabi @NETConfUY|N
198|Había alerta y yo vine igual|NONE
199|q ladilla que sigan usando las caritas  >.; y todas esas parece q tienen un retraso mas grande q no se|N
200|@joaqtor Hola Joaquín! Si buscás acceso a la API envianos un mail por MD y te contactamos con el equipo de tecnología. ¡Saludos!|NONE
201|Un mes entero moviendolo al mijo para no poder ir en el. pero bueno trabajo es trabajo|N
202|Que genial ir parada a minas|N
203|".@alefpiro ¿Nunca escuchaste la eresión ""el último orejón del tarro""? Bueno, como son más de uno son orejanos"|N
204|@Flor_pistone hola hermosa!,espero q estes bien yo me voy hacer noni q estoy cansado beso divinaaa|P
205|Me hacen quedar como un zorro lpm pero todas las minas que me nombran están re buenas matense|N
206|Que feo no hablarse mas con alguien y pasar todos los dias por la esquina de la casa|N
207|@migueldobrich gracias queridísimo ! Buenísimos la charla. La escuché esta tarde y sonreí mucho|P
208|@CarolinaAche Decirle a una dama que espere sentada no es muy gentil, pero tu comentario rebosa ironía|N
209|@grazianopascale @Arq_fmartinez el nivel de delirio en los dirigentes es preocupante por decirlo sutilmente.|N
210|me quemé las dos nalgas jajja|N
211|Bueno me fui a dormir que mañana tengo que pilotar la nave otra vez, saludos, que tengan una linda noche|P
212|Es el mejor sin duda alguna|P
213|@Adri_tranqui bajé el vidrio por que esta sucio del temporal pero era demasiado fuerte el sol y lo subí de nuevo y la saque así|NONE
214|A lo q tengo las uñas todas comidas me quedó re mal el esmalte|N
215|Mas feo que te quiebres|N
216|@kzfabi vivís de joda .. y siempre donde vas hay cerveza... no necesitamos ML ni IA para acertar eso ehh @FabianImaz @pp_uy|NEU
217|Espero que le haya ido lindo|P
218|@alefpiro ¿Te fijaste en el detalle de que los viáticos de la edila los usó para invitar a cenar a un par de amigas no edilas?|N
219|@Aquicolobanco @Ropher_ ahhhh sí, ubico, muchas gracias, es q no tenía idea de cómo se llamaba esa zona. Acabo de aprender algo nuevo.|P
220|@veronicacriado gracias a vos por la buena onda y por sumarte hasta con GIFs a la iniciativa.|P
221|Seria tan feliz si se me va el dolor de cabeza de una vez|N
222|@ignacioalcuri acá en vez de meet n greet se podría hacer Meat n greet con un asado de por medio|NEU
223|@lilovilaplana Gracias por Compartir hermosas fotos|P
224|@mister__lemon L'Oreal fabrica tb productos para hombres. Pero el grito de indignación que habría si hubiera un premio sólo para hombres|N
225|@Anaterran @victorita_fest @Nifunifa4 el año pasado no dio muchos|NONE
226|@nunez_rodrigo @SushiPopARG Hola Rodrigo! Por favor envianos tu mail de usuario y te derivamos con el equipo de atención al cliente.|NONE
227|Si me pagaran por fumar tendría la vida resuelta, pero desgraciadamente tengo q pagar para fumar|N
228|Yo no tengo familia soy buerfana|N
229|@pbuydid Es muy importante q haya hombres tamb como tu caso, q se suman a la campaña contra la violencia.|P
230|@TipicaLoca se ve que hoy no es tu día...que termine rápido|N
231|@eZuajii_ tan al pedo estás para hacer esa mierda de inspeccionar elemento? Si tan real es andá a tu celular y pasa screenshot|N
232|Me pierdo la ultima fecha|N
233|en teatro es puro bardo ya toy perdida chicos aiuda|N
234|Extraño el ir a quedarme a su casa un día antes del campamento para irnos juntos!! Que tiempos!!|NEU
235|@mister__lemon Taxistas, empleados del gobierno, familiares de Martínez y Dourado... @LeoVeigaSanchez|NONE
236|Me siento débil No rindo como hace DOS PUTAS SEMANAS. No puede ser la concha de mi madre. No puede ser.|N
237|.@LeoVeigaSanchez La opinión es contundente. Y no parece discriminar por partidos|NEU
238|@BeeeluPereez no, porque te portas mal|N
239|@MariaFederica8 @M_Mandariin vamo a tomar un mate depresivos de merrda|N
240|Es así, siempre que me gusta alguien vive en el culo del mundo jajajaja harto de fracasar|N
241|¿Quién es el peor de SA? Voten @Mquuro @xJuanDiz @ZockClient|NONE
242|porque no quiere llamada?  fav si sabes de quien hablo|NEU
243|Todo el mundo me dice que soy re enana en los bailes, yo no entiendo, si estoy yendo con championes de plataforma|N
244|@dannyviLe Si el propósito es erradicar las armas de la calle, el método es eficaz y eficiente. No sé si justo @dlarrauri|NEU
245|@dannyviLe Una variante moderna sería que vale la pena hablar bien, así cuando puteás tiene mucho más efecto @mvdsister|NEU
246|@carinanovarese @danieldaners la derecha de este país duerme ! ya tienen que ir saliendo para ser observadores en esas elecciones !|N
247|@_anatabeira ya tengo eeriencia en desarmar ! pero este es el primero que no lo dejo desarmado...|NONE
248|@josilopez_ @0hmyvolunteer ta voy a llorar, quiero más películas iremos a ver más de jen, pero no será lo mismo, no hay más thg|N
249|"@abbu25 jaja muy buena ! el tipo le dice al hijo q no está preparado y la gente lo votó como ""el"" candidato !"|N
250|Tengo hambre de la tonelada de comida que cocina para mi mamá todos los fines de semana|P
251|Nunca hablamos por privado, 1era vez que lo hacemos y es porque me mande la cagada del día.|N
252|Si se enoja bueno ya no corre mas esa de callarme lo que siento. Estoy re sincera y eso te duele|N
253|ya se olvido de lo lindo q la pasabamos , manuel tenes que crecer vamoo q tenes casi 20 años no podes pensar en ella ya|N
254|@dra_eutanasia es correcto. Muy bien vos, hay que seguir así! Habrá que meter un asadito!|P
255|@susanagkp @gracesusan1958 @maqui13 si es así esta perdonada !|P
256|Simplemente tengo una lesión en el talón, pero tengo que hacer recuperación igual estoy bien|P
257|@RufinaCamejo Si fuera mal pensado, diría que es un arreglo entre el pintor y ellos para cobrar más @CesarAMartinezR|N
258|@cuervotinelli Buen día Papá !! , recién me levante...  QUE VERGÜENZA POR DIO!! Onda @charlotte_chc TREMENDO , me voy hacer un café...|N
259|El tiempo está conspirando para que yo no engorde! Es la segunda vez que se larga la lluvia cuando voy saliendo a comprarme bruto postre|NEU
260|@jpalummo hogares cómplices no es el mejor término. Sufren la Violencia en Silencio por Generaciones. No denuncian.la tienen naturaluzada|N
261|Tengo una nueva mejor amiga y se llama mandala, me estaria alegrando el finde o casualidad el dia de la despedida de soltero|P
262|@Claudiosk_23 aguanten las canas en los hombres, deja de negarte! lo de calvo si ta complicado... jajaja|NEU
263|@mechibasso Necesitar se necesita. Claro que hay gente que piensa estar por encima de esas minucias burguesas @Cybertario|N
264|Extraño mal a la enana vo lpm no se ni como esta|N
265|@cuervotinelli Papá me llamas ?? 095327750 ... No me siento muy bien ahora , toy como triste...|N
266|@alitamontevideo como estas Ali ,me parece de muy mal gusto ,te cuento algo hoy se inaugura en Paysandù una peatonal de una cuadra|N
267|@santiagochirico ñery siempre fuiste uno de los uno , solo que vos no tenias la confianza para darte cuenta|P
268|@guillevaldes Que lindo está @cuervotinelli hoy todo de Azul , alguna vez te dije que vos SOS La Madrastra Perfecta  bella mujer!!|P
269|@RufinaCamejo ¿arte?¿religioso?¿tener?... ¿cambiamos de tema ya? Pensé que hablábamos del cuadro. @mister__lemon|N
270|Mañana tengo que ir a visitar a mi primita hermosaaaaa|P
271|Claro @SarahnChile El networking y creación de contactos siempre ayuda para futuras oportunidades de negocio y trabajo|P
272|@candetinelli veo que me desactivaste los comentarios en las fotos de instagram ... Yo igual te quiero Lele|NEU
273|Jessica me hiso cambiar el perfil de wspp -. Y poner una foto con ella|NEU
274|@Natt985 #ViernesDeComidaChatarra en mi laburo es así|NEU
275|mi hermana es mejor que la de todos usteedes jeje|P
276|Agustín marco mi vida, la cambio por completo y eso no me lo voy a olvidar nunca, GRACIAS|P
277|@__josejuan__ @jneira suponiendo que la terra este cableada en el tomacorriente de la pared|NONE
278|Cuando yo intento creerte te burlas y mientes de nuevo|N
279|@BrunoVuan Vos sos mucho más eerto que yo. Yo soy solo un amateur (pero convencido, eso sí).|NEU
280|Aveces siento que no le caigo bien a mis seguidores ,aveces son tan negativos y malos|N
281|@LaloCosta96 Esta bueno que cites el tw, porque cuando ella entre sabes que va a entrar a tu perfil y va a ver esto|P
282|ahora q se terminó #GilmoreGirls hasta el 25, le meto a #Bones... porq siempre es necesario estar mirando algún capitulito|NEU
283|@AdictosLali muyy No sabíamos el gran valor de compartir esos momentos tan lindos...y ahora, nos queda solo el recuerdo..|N
284|Creo que soy la única que nunca se ganó la entrada para jaque jaja|N
285|toy enamoradaaaaaaaa que ovy a hacer con tanto amor para dar cuando mi novio ta re dormido ?¿ matu ven a mi|P
286|@Criya59 que lastima me lo perdi ,esta mi hijo mirando tv y mi internet anda malisimo para poder ver el programa en la compu|N
287|@DanielaPirezFie @jnmet La foto está excelente, pero no se puede creer todo lo que se lee en las redes Espero no haya hecho mucho daño.|NEU
288|Me acabo de enterar que @zotero ahora tiene free solo 300 MB y hay que pagar por almacenamiento|NONE
289|@Alphasniper97 amigo... soy de uruguay... la verdad que aca es complicada la economia.pero de llegar a la ps4 espero cruzarme en batalla|NEU
290|Extraño mucho el parque de ute|N
291|@cuervotinelli PAPÁ ME VOY A DORMIR UNA SIESTA ASÍ DESPUÉS TE VEO A LA NOCHE, tu nieta está en mi cama toda despatarrada ...|P
292|Hola @cminana ! ¿Qué tips darías a los freelancers que quieren capacitarse en #SocialMedia? ¿Qué herramienta/curso online recomendarías?|NONE
293|@eljabavinero @Jonatute Ojalá lo encuentres o que por lo menos lo haya agarrado una familia que le de amor.|P
294|@grisel_ok si hermoso y esta muy agradecido|P
295|@mister__lemon Tenés que conseguirte un estudiante y ponerlo a hacer una Tesis sobre Twitter (en la FCS de ser posible|NONE
296|@amartino mañana sobre que vas a hablar? Sobre los puertos de la nueva MacBook pro.. ?|NONE
297|@ToiaMignone busca un tutorial...si no hay es xq no se puede! para mi muy elevada la pregunta|N
298|lo peor de salir a las 7 es no disfrutar el dia|N
299|@MartinParedes90 No hay necesidad. Hay un par de trucos que te permiten verlos. Claro q para eso te tiene q interesar @mister__lemon|NEU
300|Da en la vida es facil|N
301|@FSOGArg @lulopilato @michaelbuble Es muy triste... Yo me enteré el jueves de noche, en Argentina ya se sabía..|N
302|@cyberplant no es esa. Pero ves? el pin más común es un montón de tiempo para un café.|NEU
303|Disfrutando en Uruguay...Ahora esperando a que empiece #LoMejorDeOT en tve internacional|P
304|Lo bueno de vivir con dos hombres es que el acondicionador dura mucho mas|P
305|Un dinosaurio entero me comeria, morire de hambre, oh dios no lo permitas, soy muy jovencita|N
306|@gabouy pero antes si era asi es parte de nuestro barranca abajo haber perdido eso|N
307|Tengo que reconocer que es imposible que Lio me conozca o leea algun mensaje. Y eso me pone espantoso|N
308|Todos son retwitteados y yo nunca|N
309|El miedo que generó fue impresionante.|N
310|@Lascosas690 EXCELENTE lo de Axel contando como se termina con DELINCUENTES en fútbol. ¿Cuándo repiten programa para grabar y amplificar?|P
311|"@J_B_Rodriguez @mariansugarci Que nos pasen la ""fórmula mágica"" así hacemos lo mismo!!"|NEU
312|@lorenacionaaaal jajaajja soy mas bueno aparte lo que yo haga o deje de hacer no tiene nada q ver con la persona que este jajaja es chica|NEU
313|@Nicolasalvarez0 @pmhvega si votó en Blanco o Nulo le terminó regalando las mayorías parlamentarias al FA|N
314|90 oye, tu me caes de 10! jajajajja tu nombre me dio ganas de escribir así no se pq. La mejor con vossssss|P
315|@SanchezMassi me parece que queres perder feo|N
316|El asesinato nuestro de cada día... Pero, eso sí, Vázquez está muy contento con Bonomi.|N
317|@Librumface Para trazar estrategias suele ser necesario tener una razonable seguridad de para qué lado va a patear el contrario|NONE
318|Encima tengo muchas fotos juntos|NEU
319|@afigue2010 muy divertido @martinbossi en @desayunos12... humor y espontaneidad... de los más talentosos de la vecina orilla...|P
320|mis dias ya eran reeee aburridos, imaginate ahora sin celular|N
321|Enere sociología con 11 jajajja va a ser la única en todo este profesorado de seguro ! re feli|P
322|"Ah 8 Personas Le Pregunte Que Me Hagan El 2 No iban a pasar mas de 1 hora y media pero Ta Nadie ""Puede"""|N
323|De mañana hasta el miércoles estaré de campamento, así que perdón si no respondo el MD, estoy inactiva, etc. Es que no dejan llevar compu|NONE
324|Ganas de pasar todo el día acostada como ayer me sobran, pero tengo clase|N
325|@Malabrigo25 Las sorpresas de Pandora no eran muy agradables; yo, en cambio, sólo doy sorpresas agradables|NEU
326|@QuemasDePasto es el autor favorito del Seba, bo! más respeto!|N
327|@beeeel12 hubiera ido igual podía hasta las 4|NEU
328|#AbrahamMateoEnUruguay @AbrahamMateoMus Va a ser 4 años que soy abrahamer, y ni siquiera lo pude abrazar. Que triste es mi vida|N
329|Col siempre me gana en las discusiones de bobos que tenemos, eso confirma lo boba que soy ja|N
330|@JulianeroSoy no te amargues ojala que aparezca y si no bueno|NEU
331|@RufinaCamejo Comprando ropa en el barrio chino en Los Ángeles, ni inglés hablaban @dannyviLe|N
332|lo que daria por darle un abrazo a mi vieja|P
333|@Alfredo_Bruno Lo que es no saber... es la herencia maldita de mis padres que querían que estudiara algo útil|N
334|@Alfredo_Bruno Mi formación científica me hace ver un vaso inadaptado a la realidad|N
335|@mister__lemon Me parece que está prohibida la importación. Debe ser como la marihuana. Podés usar pero no comprar @progresismouy|NONE
336|@mister__lemon No sabía que los cigarrillos electrónicos estaban prohibidos @progresismouy|NONE
337|.@macielguillermo Guillermo, avisale a las Naciones Unidas que dice Bonomi que los datos que dan están equivocados|N
338|@gbudino @cutcsaok @Dmartinez_uy seria interesante que Cutcsa entonces libere sus datos, que en el fondo son de todos|N
339|Aunque intento no ver todos los episodios seguidos porque ya se acaba|NONE
340|Tengo el labio cortado a la mitad el de abajo|N
341|@mister__lemon Seguro que tiene un sólo pulmón, como todo el mundo.|NEU
342|@federicod Es posible. Quizá en realidad es la tendencia de la derivada segunda. La polarizabilidad de la seguridad|NONE
343|¡Llegamos a los 8000 seguidores! Gracias por acompañarnos en el camino del trabajo independiente. Sigamos creciendo juntos #freelancer|P
344|@AntoTamilia @Uber_UY ajaj como esperaba tu comentario, parece joda, no es lo mismo de antes?|N
345|@alvrod Nunca apuesto cuando la probabilidad en contra mía es 1|N
346|@Vecort1577 O en la misma al otro día|NEU
347|@grazianopascale Sí, es increíble lo que está diciendo. Incluso que su gestión se compara favorablemente con la del FBI @LeoVeigaSanchez|N
348|@alimarve Trasladarte en coche con chofer, tener guardaespaldas y ganar un excelente sueldo ayuda @federicod @LeoVeigaSanchez|P
349|@UruAlejandro Me dicen por la chicharra q Obdulio en el año 49 hizo una huelga reclamando dchos de los futbolistas. O sea, segunda vez.|NONE
350|@mister__lemon Excelente idea. O, por lo menos, que no pudieran hablar más de una hora|P
351|Bonomi esplendoroso en su ejemplificación personal del índice de Dunning-Kruger|N
352|Hoy hace un mes que están juntos. Cuanto los extraño,pero están en un lugar mejor|NEU
353|Los verdaderos hinchas de #Nacional no perjudicamos nuestro club, no insultamos adversarios. Alentamos a los nuestros, eso #EsNacional|P
354|¿Qué tipo de proyecto de diseño es tu preferido @Marinachan555 ? #DíaDelDiseñadorGráfico|NONE
355|@gustavohlopez Cebolla que use nuestra camiseta celeste abajo de la roja y uds. compren camisetas de los cuadros europeos para todos !!|NEU
356|@2891891cap aaaaaaah bueno algun dia igual te vas a anotar en la mia vas a ver. Ya voy a caer con tacos de 30cm|NEU
357|@letifcosta yo salía viernes sábado y domingo ! pero ya esto muy viejo pa esos trotes !|N
358|entonces si estás así es porque querés, xq sino queres me escribis y liiiiiisto|N
359|@smallxespos ay que linda q soss, vos iguaal!! Es una bebita lo q pasaa, mi user es el apellido de Axel y Celeste|P
360|Alguien que me hable porfa, no me quiero ir a dormir|N
361|Paaa en las imagenes de los que entran a declarar hay uno que se re parece a mi compañero me muero firme|N
362|@elojodeava 1cm es margen de error!|NONE
363|@elojodeava Basta balalaika, enseñanza laica viña etrusca añeja. La lleva o la deja. Si no es la que busca, plástica katiuska|NONE
364|Te banco! Jajaja no estoy enojado contigo ni ahi te quierooooooo @AgustinINeedYou|P
365|Que bueno cuando terminas el día pensando: que bien me salio todo! chin chin por muchos días así|P
366|@sara17almada @p0nja jaja hay que andar siempre limpito y arregladito por las dudas !|P
367|Que deje de llover que yo estoy solo|N
368|@PabloCardelino ¿Esto es joda? Espero que lo que suben al camión sea distinto de lo que descargan @LeoVeigaSanchez @JMilei|N
369|@LeytonLujan @TipicaLoca @javielmast cuando era chico mi mama me mandaba al almacén a buscar 3 cosas y me olvidaba de una seguro ...|NONE
370|@cuervotinelli Papá estoy muy contento !! , voy hacer el curso de producción televisiva que dictarán @elchatoprada y @hoppefede , besos!!|P
371|no puedo entrar a terra|N
372|Hoy pasamos re lindo con la chicas, jugamos a las cartas hasta re tarde y nos morimos de risa|P
373|@sermex2006 ¡Hola! Hay más criterios que el puntaje únicamente Eran 10 preseleccionados para votar entre el público. Saludos!|NONE
374|@letifcosta @perezfedullo traduciendo es un imbécil !|N
375|@nicomarone @salocinuy algunos llegamos a ese resultado después de un arduo trabajo y consulta previa con calculadora !|NONE
376|@nicomarone @salocinuy aprendido y archivado ! después salió otra del mismo tipo y fue fácil y otra de otro tipo pero básicamente igual..|NONE
377|Se dan cuenta de que en 3 meses cumplo los 20? estoy vieja loco|N
378|estoy muy cansada y muy mal como para estar hoy en twitter|N
379|Estoy re triste por el Cappelli|N
380|@MhBazzino10 Hola María Helena!!! Muchas gracias amiga. Mañana iniciamos con mucho gusto con la info desde aquí. Abrazo grande|P
381|@GuilleT @Improfit Hola! Estamos trabajando para sumar opciones. Podés recomendarnos restaurantes!! Saludos!|P
382|@Loquilla_Si sip! Me estoy manteniendo ocupado|P
383|@soyvedito soy una mierda egocentrista, sin rumbo fijo en la vida, que no merece mucho o casi nada... etc... ufff sono bien desahogarse|N
384|@TipicaLoca yo no me pierdo nadita ! ahora es formal ! en la mañana veo todo del cel pero no contesto ni subo nada !|NEU
385|@decanoypadre escuché bocinazos y no había empezado la jugada|NONE
386|@Reirtesalvaaa pero ni me conoce, aparte siempre me hablan los peores|N
387|Santiago no me hablo nunca más lo extraño|N
388|@Jullgallo no podes verlo por Vera+..? que horrible verlo sin relato uruguayo!|N
389|@sara17almada1 feliz cumple sara ! que lo pases muy lindo !|P
390|@victorita_fest para nada, ya arranque el segundo termo. Vengo de un finde largo, no da para calentarse. Buen dia|NEU
391|@RomanaFerrer Seguro que tienen miedo que llueva y se les mojen los datos|N
392|@victorita_fest te hice las caipis ayer y no fuiste|N
393|@FernandaDhb No tengo ni un peso ahorrado, voy a llorar|N
394|@juanamaro22 Tal cual. Muy difícil que se apliquen otras políticas de seguridad con mismo ministro convencido de que está bien lo hecho|N
395|@jazzaldia amigos deseo establecer contacto con uds. Agradezco me envíen inbox mail, enviaré material de mi musica|NONE
396|Necesito volver a Samsung por más de que iPhone tenga tremendo sistema operativo no me permite ser tan libre como galaxy|NEU
397|@victorita_fest Si, justo ese que comi estaba tremendo. Bueno pasame la dir por interno|P
398|husmeando en terra a ver que se ve|NEU
399|Va estar lindo el veranooo aca|P
400|@Rosua15Ad a la gente le cuesta eresarse en una encuesta ! se sienten limitados...|N
401|Qué emoción! Acabo de conocer al fenómeno @rusomyc y es veterinario de mi Lolo! Preparate para mis consultas cotidianas jeje|P
402|Los pequeños detalles, crean grandes sentimientos.|P
403|@harrycourage fue por una buena causa !! no me malinterpretes|NEU
404|@jeansuarez33 tenemos que disfrutar hoy es rl ultimo dia de cel|P
405|@corosenlamosta bueno... vos lo escribiste, yo lo leí. Me hizo acordar a cosas, mala mía|N
406|@_mariajosee_ Hola, te pedimos disculpas! Por favor envianos tu mail de usuario por MD para que verifiquemos qué sucedió. Saludos.|NONE
407|@kaunistalvi Hola, ¿pudiste cancelar tu pedido? Siempre tenés disponible nuestro chat en la web para consultas más urgentes. Saludos!|NONE
408|Que bueno ver a personas que te alegran Aunque sean sólo 2 minutos|P
409|@mercitextil Te pedimos disculpas Por favor envianos tu mail de usuario por MD para que el equipo de atención al cliente te contacte.|NONE
410|@cuervotinelli Buenas noches que descanses !!,12 días para verte;3, prometo ésta vez quedarme hasta el final del programa así te conozco|P
411|@salocinuy @Agronegocios_Uy creo que raúl no se va a presentar.... por lo menos por ahora !|NONE
412|Recién llego del trabajo me perdí el directo de zelda @juandiazdelgado|N
413|@MHackem @mechibasso Tampoco es para tanto, vienen en pack de 2X1 con vaso incluido y es más costo-efectivo|P
414|@mechibasso ¿el tercer dormitorio es para invitados?|NONE
415|@mechibasso ¡Ugh! Eso fue un golpe bajo. Nunca visto, nunca visto... no... excepcional, único, original, exclusivo... @MHackem|NEU
416|@Adri_tranqui gracias ! que tengas un lindo día también !|P
417|@ebelgeri sobre todo la parte de la nota q dice q hay q pasarsela a los del mismo color, algo q para Uruguay es revolucionario|N
418|@RoSo_54 @Adri_tranqui ya estoy pronto ! la cucha despejada !|P
419|@deejay_madox ajajjaja era de imaginarse, ir hasta allá y no tomar nada es un embole, tremenda joda me perdi|N
420|Caminar no sólo es bueno para la salud Sino tmb para el bolsillo|P
421|@TipicaLoca @vmayo72 hola ! algunos han cambiado varias veces de nombre...|NONE
422|@ToloTelli14 @BrandonLemusV @CaioTeensarta @marca 2 copas del mundo, 2 olimpiadas y 15 copas américas|P
423|@ToloTelli14 @BrandonLemusV @CaioTeensarta @marca y la ultima tuya hace 15.|NONE
424|@cuervotinelli Papá se me esta complicando el trámite ..TE NECESITO MÁS QUE NUNCA.te juro que me siento re solo , quiero una familia|N
425|@TipicaLoca @salocinuy @Agronegocios_Uy dicen las malas lenguas que tiene o tenía el conocimiento para ser licenciado..podría calificar.|N
426|Mi novia me compro un pajarito hermoso y cómo está en cautiverio se loq sido ella en la casa no me lo deja cuidar|NEU
427|@RufinaCamejo Ta, ahora te hacés la superada @claraklayton @RichardRead2014|N
428|Gracias al imbécil que tiró la botella me quedé sin cancha hoy ,mal vos pelotudo .|N
429|@Fanta_Esp @Rubiu5 no soy de madrid asiq nadap......soy uruguaya|NONE
430|me gustaría q acá hubiese fav y corazón, así podría usar el ️ pura y exclusivamente cuando ponen foto de comida|P
431|Enamorarse de la misma persona todos los días, eso es amor. #buenfindesemana @KarinLedl1|P
432|@PalacioYazmina siiii ayer a las 23 en vtv.. Y bueno yo tampoco me vi|NEU
433|Y bueno sera con conducta hoy|NEU
434|duermo como los mejores hoy mañana juega el bolso , me falta ella nomas|P
435|Con todas las minas hermosas que hay, oportunidades cero|N
436|Happy Birthday to the adorable #Dakota Feliz Cumpleaños para la adorable #Dakota|P
437|Mi mejor amiga me está desmejoramigando espero que mary no lo haga también: (|N
438|@grisel_ok a mi y a muchas personas nena ,que pasa ?aunque no nos conozcamos aqui estamos presente yo estoy|P
439|@diegodelacurva , es cierto eso? No seas malo, aportas mucho al programa, se te va a extrañar de verdad|NEU
440|Rompí la licuadora! Genial! Batido a la mier!!! Necesito una nueva licuadora|N
441|@ximerba @tvshowuru @perdidoseter Que no fue mencionado en el artículo ni en los tweets citados (yo lo excluí del Storify a propósito).|N
442|@maxicarroz Hola! Lo armaremos en las próximas semanas y les daremos instrucciones por aquí o por el mail que dejaron en el cuestionario|NONE
443|@kiki_fiore Una vez te lo enviemos, lo puedes subir como imagen a tu porfolio. Aquí @workanahelp podrá darte más detalles|NONE
444|@PaisaVlogs Las mejores cosas tardan en llegar|NEU
445|@ChrisNamus cómo está esa chula cada vez mejor|P
446|@isaacBIOvega @saxmann yo no lo mandaria a prision optaria por otra cosa|NEU
447|"""No hay mejor momento pa' matar que cuando ya te dan por muerto"""|N
448|después 1 mes me entero q a una piba le robaron las entradas para el m&g, ayy pobre!|N
449|@kirazeuss hay nena que tengas un hermoso dia Muy Feliz Cumple ,por muchos años mas ,si Dios quiere|P
450|@ColifaBack @crisacmol @UrtubeyJM @JCanoOK esta ocupado con su flamante casamiento|NONE
451|Uno se levanta para jugar al fútbol y la gente va por la calle disfrazada saliendo del boliche|NEU
452|un capitulito de Gilmore es la medida perfecta para esperar a que la masa crezca...|P
453|@delphlexnie la gloria d nuestro padre jesuscrisro estará cobmigo en mi camino|P
454|@FinealSuarez Es tierno, como un niño amoroso|P
455|@perezfedullo Cómo andás, Moni? Está hermoso hoy, ehhh.|P
456|@fernan_caceres Pedro ni lo conoce al tipo. Alguien que es íntimo de Susana, va en una lista del PN, después en otra del PC, cualquiera.|N
457|@letifcosta importante el compromiso con la comunidad, es buena señal|P
458|@Diegourug grande guiri!!!!! Jajaja estabas en la multitud|P
459|Como me encantaria ir a abrazarla a mi amigaa ahora mismo y decirle que todo va a estar bien|P
460|Estuve apuntó de crermela igual , a Dormir así no me reclama nada después|N
461|@cedrezzz no creo que sea posible, los horarios de mañana me mataron, tengo que salir de una cancha a la otra y luego gpc|N
462|@junchyg16 nùbiles doncellas ?entonces yo me salvo|NEU
463|@junchyg16 Bueno me dejas un poquito màs contenta gracias|P
464|me da miedo crecer.. ya me hago la comida yo me quedó rico igual o_O|NEU
465|Nos fue bien en el parcial , solo nos faltan 4|P
466|@Goberlik @ecos_la Sep. Es necesario investigar pero no justo ahora ¡Qué lenguaje apolillado!|N
467|@LuisSuarez9 Grande Lucho!!! Vamo arriba, es enorme el legado que dejan al fútbol uruguayo todo! Gracias|P
468|Estoy terminando #GilmoreGirls para estar prontita para el 25 de noviembre...|NEU
469|@alem4p buen punto a mi la lectura me llevo a otro lado. Creo que depende de que te dieran a leer|NEU
470|@ChicaDelBidon me siento mi madre cuando no quedaba embarazada y las compañeras de la clínica si.|N
471|Hoy salimos de trabajar y nos vamos, a vergara con el loco maty,a tirar unas curva en esa pista|NEU
472|Que feo lo tuyo pibe..|N
473|@ffanoch @ObservadorUY jaja si el concepto es irregular no asimetrico|NEU
474|Tengo tremendos nervios con la defensa del proyecto de estudios económicos . No me la quiero llevar a exámenes|N
475|mi sábado está siendo lo menos productivo posible, yo ya gané!|NEU
476|No aguanto mas esto quiero estar bien sacarme esto y no tomar mas pastillas sentirme feliz sentirme igual a los demas|N
477|@Loli17 @THR Si me avisaron el otro día acá no creo que este pero estaría muy bueno tenerlo jjijij|P
478|@susanagkp Leí coment de gte q no entendió nada el sentido de estas elecciones y sólo suelta veneno sin detenerse a analizar nada. Agotan|N
479|Hoy es el dia perfecto para ir caminando por la calle mientras les ofreces caramelos a los niños chicos...|P
480|@Solenrivero Buen dia soleee!! LLegue temprano si, trabajo poco esta semana asi que ta, hago un esfuerzo|P
481|Porque la fecha esa tiene q ser justo el día de mi cumpleaños, que rabia y q triste|N
482|@diebamu y por supuesto los bloquee|N
483|@kiki_fiore Los freelancers pueden usar la cuenta básica de @workana que es gratuita y no deben pagar por trabajar|NONE
484|me duele mucho el ojo derecho puta conjuntivitis|N
485|Es una interesante iniciativa @ajbodoc Por ahora podemos hacerlo por aqui en twitter #FreelaOnline|P
486|Necesito urgente ver a Seba|NEU
487|@Rabii_says Están algo demorados pero en proceso ¡Llegarán, no se preocupen!|P
488|@leifermendez En breve te contestaremos desde #FreelaOnline|NONE
489|Siguen con mi caída en halloween pasado loco fue hace un año es hora de #superar|N
490|"Mi ""supuesta"" pariente segun la cabernicola me ah mandado la soli"|N
491|@ajbodoc ¡Armar un buen equipo es espectacular! Tendremos esta propuesta en cuenta en próximas actualizaciones|P
492|@Roberto_Anchia Muchas veces se toma el valor local como referencia y olvidamos que hay competencia internacional #FreelaOnline|N
493|@LeoVeigaSanchez Es cierto, no es su estilo. Su estilo es no comprometerse con nadie y quedar bien con dios y con el diablo.|N
494|Necesito unas tortas fritas de mi suegraaa.|P
495|Es divino y se extraña pero ya fue|NEU
496|Amo saber que en cada segundo de ese homenaje estaba mi infancia feliz|P
497|@BrunaSosa7 @JuaneMartinez17 Ayyy vidaaa. Bueno te dejo juane ya no da para mas. Fue lindo mientras duró|NEU
498|@mariapaolini5 jaja creo que te copio ! son bastante insufribles ! hasta mañana y que descanses !|NEU
499|si no veo a lali este miercoles no la veo mas, tengo tremenda mala suerte siempre|N
500|Hoy era un buen día para que Rodolfo Pereyra no me tenga bloqueado|NEU
501|@mvdsister No seas mala Celina. No te das cuenta que ya sabe dónde lo tiene que llevar?|N
502|@Rabii_says @moiseshg Fue una semana poco feliz para varios sitios online ¿Ya pueden seguir la transmisión?|N
503|@cuervotinelli Buen día Papá !!      :+ TE AMO MUCHO ...|P
504|@nachoabalos si, lo ideal sería q te la llevan a tu casa o lugar de trabajo y de paso que sea en un bondi @ElOjoChurrinche @Dmartinez_uy|NEU
505|Juro que pienso que Glenn sigue vivo como aquella vez y que el y Abraham estan bien|P
506|me tendría que dar igual pero no puedo|N
507|@HECTORYEMMI Feliz Cumple que tengas un hermoso dia ,como todos los dias de tu vida|P
508|@eltreceoficial yo la vi muy bajoneada y tensa pobre @barvelez ...|N
509|Aaa que mala suerte tengo|N
510|@guuatever @LeidiPonzonia Las teorías anticíclicas que todo sindicalista que se precie defiende.|NONE
511|Me gusta sacarle una sonrisa siempre que uno le saca solo lágrimas (y)|P
512|@dannyviLe Es la pelada. Si los estudios dicen que te hace más alto y más fuerte, seguro que también más joven|P
513|@solesalva lo mismo vos ,cuidate|P
514|@diverso_alex no, uruguay son 3 millones, no me siguen tres millones jajajajajajaj vos sos tarado? Te sigo si|NEU
515|@KevinistaOk que egoísta de tu parte decepcionada|N
516|@CataDiaz100 ah nno perdon mejor dormi t va a hacer bien, comete una bananita|P
517|Esta lleno de mosquitos los odiooooo|N
518|Ya voy a juntar pastito y agua para los camellos de los reyes magos|NEU
519|@sergiouy52 lo sé Sergio. La dedicactoria te comprende por supuesto|NEU
520|@AntonellaMombru pq somos mejores y valemos más|P
521|@cuervotinelli @lourdesanchezok @elchatoprada que increíble !! Yo nací hace 36 años y nunca tuve Papá o padrino o algo... TREMENDO !!|N
522|Yo muchísimo mas . Hablamos al DM y te paso él apartado postal|NEU
523|@degeronimi @mercadopago muy bueno felicitaciones!! Se necesitaba|P
524|@grisel_ok muy bien y vos?ando con ganas de algo dulce|P
525|@ZockClient se suman los 2 clicks del mouse y de un click normal de 3 pasa a tener un click de 14 no son macros 2/2|NONE
526|Ya extraño romperle las bolas y peliarlas ya se que me extrañan tambien|NEU
527|#LaUltimaPalabra Guillermo sos un tipo joven, fachero, andá al dentista a que te haga carillas abajo, cuando hablas solo veo eso|NEU
528|me siento una esclava hebrea siempre sufriendo|N
529|@AntonellaMombru si igual si me vas a mostrar una foto no es nada pq prefiero las cosas saladas|NEU
530|Empezó a llover y me puse a cantar esta canción jaajjaja|P
531|me preocupa la flacura de la china, posta. NO era asi de flaca ella|N
532|@GramaticaReal por ejemplo si eres MANO larga jaja|NEU
533|Solo falta que me siga @CaELiKe Porque La argentina ya me sigue y Facu también|P
534|@alejandro_mhr el cine de Irán es de los mejores en el mundo|P
535|@TiaEuge2011 siempre me gusta leer e informarme, por supuesto. De hecho no es q desconozca el tema, pero x supuesto. Gracias.|NEU
536|@MonteroEnzo1899 hola soy joaquin y tengo aire, arre q no me anda|N
537|Si gana Trump que pasará con la bonita|NONE
538|@selectornectar @eskartas un día de estos en que se acueste borracho lo volvemos dejar igualito!|NEU
539|hoy entro un poquito más tarde a trabajar #BuenDia|P
540|pa en esta parte del año me pongo re melancólica, voy a extrañar tanto ver todos los días a las gurisas|N
541|@RissoConDosEsse Te voy a espoliar ahr no ,lo único que te voy a decir es que esta muy bonita, divertida y tiene un mensaje|P
542|La verdad que me encanto el #McDiaFeliz en @mvdshopping Un placer estar presente para ayudar! @mcdonaldsuy|P
543|@freezedolan igual same estoy igual q vos con lo que pusiste el año que viene será|NEU
544|@CAELIFANCY falta poco para tu cumple mi Cami ,te extraño|P
545|@SantyTkd11 subi a la azotea por tu tweet y esta normal|NONE
546|@steinpipe @elgaita @mmacri1 @MarioVa52 Juntos y Rodeados de campanas|NEU
547|"@PALMERPATO Que lindo ""mundo""ése entre la profe de teatroa los 22,23,aue lindo....""nostalgias"""|P
548|Yo tengo él grupo perfecto de 7 chicas para ser IBFs grupales|P
549|Nada mas lindo que agarrarle el auto sin permiso y salir andar jaja|P
550|No tengo cargador que lindo|N
551|@grisel_ok como estas ? yo toda las noches ando por aca nena|NEU
552|#LosRicosNoPidenPermiso todas las parejas juntas como deberían estar menos la de #rafana voy a llorar|NEU
553|"Aparte me siguen las personas ""mas importantes"" de tw"|P
554|@xkidas @diegodechena Te voy a liberar de mí, así dejás de lloriquear y protestar, chilena huevona. Chauuu|N
555|yo no puedo tener rulos ni con las cremas esas, pero me las pongo porque tienen rico olor|NEU
556|@RissoLula niña feliz cumple, que pases lindo|P
557|@elojodeava hay escabio gratis, pero igual dudo, es duro marchar...|NEU
558|@susanagladysfer si discrepa y deja su banca me parecería muy bien, pero así no me gusta, creo q es abuso. Besos, querida Susana.|NEU
559|Creo que lo peor del trabajo es tener que sacarme los anillos y la pulsera|N
560|días de frío = agua extremadamente fría para tomar|N
561|@Chorros_uy Una consulta?, varios community manager están preguntándose como se hace para la denuncia del MI y así ganar más seguidores?|NONE
562|Espero que sea el cargador el que este fallando y no el celu!! Me sale mas barato un cargador que un celular jajaja|NEU
563|Subiría una foto de mi boletín pero es muy mainstream y yo soy único y diferente|NEU
564|@elijuambeltz un canguro GAP como único aliado|NEU
565|@Kanalla10 @negromagallanes disfrutá mientras puedas, q prontito se acaba.|N
566|@_suniac que ya no quedan diseñadores gráficos anarquistas?|NEU
567|@milecorreaa pa bo te juro que no me di cuenta, te extraño enana|N
568|ves esa sonrisa es falsa como tu amor|N
569|@barsacampeon10 Qué horror, la mala suerte de esa pobre niña es tremenda... Pobrecita...|N
570|se ve que no me conocen ni un poquito|N
571|muy sensible esta la gente hoy dia|N
572|no se puede hacer ningun comentario che ,que feo|N
573|Me quiero pelear con alguien y siento que ya estoy grande para andar en bardos|N
574|@NeckoLol Eu necko que lastima el lunes no se si me puedo quedar hasta tarde :u es dia de semana tengo liceo (secundaria)|N
575|@loli_pontes yo me tomé este finde para planificar mi funeral nomas, salí los dos anteriores, si me hubieras dicho antes lo consideraba|N
576|@LovesDalasito uhh que lastima, bueno igual no podia ir a la firma|N
577|Mi celular él táctil esta roto ,entonces después de las clases lo voy a llevar a arreglar Así que pronto podre m…|NEU
578|@NinetalesGD leeel bueno, ahora hablas con mas personas|NONE
579|Intendente #Flores @FEcheverria50 ¿Qué está haciendo para terminar #RuidosMolestos en #Trinidad? Los derechos de TODOS pasados por arriba|N
580|Uruguay es caritativo, nosotros estamos segundos igualmente|P
581|@cuervotinelli el 27 de diciembre tengo mi primer sesión, luego el 11 de enero... NECESITO HACER ESTO POR MI PARA SENTIRME PLENO !!|P
582|@Solenrivero Puede ser, no soy histerico yo, asi que no puedo darte una opinion personal|NEU
583|"La tía se levanto y me dijo "" madrugastes o te caistes de la cama?"" Y ni si quiera e dormido"|NEU
584|Bueno, ya me cansé de poner en su lugar a esos muertos chilenos. Será hasta mañana, amigos|N
585|@xkidas @NCouto2000 @GonzaloCelis para nada, sólo estoy poniéndote en tu lugar: el de los mediocres q nunca tuvieron una copa mundial.|N
586|@mister__lemon Está el FA... pero no son profesionales|N
587|@KarennPladaa estamos en la misma soy pobre y sin ropa|N
588|@MarinesStrasser ahhhh es genial eso pero esytoy de viajeeeeee! beso y mucha suerte!!!|P
589|@Duarteftagus En Argentina el 1° de Diciembre|NONE
590|@gbudino venite a hablar de tus teóricos virtuales! vengan con otros de la cátedra! también de como usan las polimedias|NONE
591|@joacobolso y lo peor es que con los republicanos en el gobierno de EEUU el futuro está jodido mismo|N
592|Cuando se acuerda me escribe, mas lenda|NEU
593|@RochiisuarezBj No tenemos  Pero va a estar en todas las librerías del país y hay varias con tienda online|NONE
594|@LilianBertrand @sergiouy125 @jdelossantos201 nooooo obvio yo tampoco nunca jamasssss x eso me lo pregunto quienes fueron? Pero van 3gob|NEU
595|Joaco si ves esto te extraño|N
596|@xkidas @NCouto2000 @GonzaloCelis Bicampeón? una copa comprada de local, otra inventada x la fifa conmebol. Saludos a Jadue.|N
597|Digamos que se me hizo un poquiiiito tarde leyendo noticias y escribiendo algo. Será hasta mañana|N
598|@xkidas @bambootik @NCouto2000 @GonzaloCelis las tuyas ya se oxidarán, y no vas a ver nunca una siguiente.|N
599|@xkidas @bambootik @NCouto2000 @GonzaloCelis copa 15 de América en 2011, cuartos en mundial 2010. Y Chile cómo anduvo en los mundiales?|N
600|Voy a extrañar aquellas charlas infinitas!!!|P
601|Hoy la luna esta hermosa|P
602|Entre al coso cat ese y me descansan|N
603|Contestame cuando te pinte total|N
604|Yo sabía que la #SuperLuna traería efectos negativos #supermoonfail|N
605|@gracma hola nena tanto tiempo .como has estado?te cuento ? yo mas feliz no puedo estar hoy|P
606|Diría que estudio también Pero es mentira jajajaaj y yo por ahora mentiroso no soy y Odio Las Mentiras|NEU
607|@Valezka38 dolor sería ser chileno, la mugre de América. Chupapijas de los ingleses y del pinocho. Cero copa mundial. Saluditos.|N
608|@xkidas @NCouto2000 @GonzaloCelis claro q me miro al espejo, no soy un asco como tus jugadores terrajas|N
609|@cuervotinelli Me desperté medio mimoso porque soñé con vos !!, hasta cuándo duermo no te salís de mi cabeza ...|P
610|#FollowMeHDOI por favor singanme estoy triste xq mis artistas favoritos no vienen a mi pais|N
611|@elsamariadelca1 ESCRITO de él para estos días 2Tes:2:9)con GRAN PODER y señales y prodicios mentirosos( ILISIONES fornicarias Ap:18|N
612|@Pkba88 @gabriel_hgs yo hice humanístico y salve matemática de pedo.|NEU
613|Agustin se fue y lo extraño|N
614|No hay chance de que empiece una dieta si todo es tan rico|N
615|@Cronistacom ESCRITO de él para estos días 2Tes:2:9)con GRAN PODER y señales y prodicios mentirosos( ILISIONES fornicarias Ap:18|NONE
616|@elsamariadelca1 ESCRITO de él para estos días 2Tes:2:9)con GRAN PODER y señales y prodicios mentirosos( ILISIONES fornicarias Ap:18|NONE
617|Quieren que les suba links de vídeos motivaciónales ? Les levantará él animo para los exámenes|P
618|Tengo las patitas frías cuando nos pensás visitar verano??|N
619|@Eeugenitaa gracias Pippi! (te conté que tu nuevo DT favorito fue mi DT de pendejo?)|P
620|@pr0duc3r ¿Podrías enviarnos tu mail de usuario por MD? Muchas gracias.|NONE
621|@Silperpetua era mas facil armar bardo|N
622|gracias a #RevistaShopNews por el permanente apoyo a nuestro programa de #TV|P
623|Otro día que me voy a dormir sin su mensaje de buenas noches|N
624|@flor93_ Buenooo, feliz cumple querida!! Muchos zombies para usted|P
625|yo se que me porte mal hoy pero quiero fav|NEU
626|Paaa jona te extraño primo firme|N
627|@ForgerPancake Lo trasladaremos al equipo correspondiente. Saludos|NONE
628|Por qué ya no aparece cuando le doy like a un video|NONE
629|@cuervotinelli toy en San jose Papá, vine a ver una amiga, recién tamos almorzando , Tqm;3, te veo luego...|P
630|@bostonriver de parte de un parcial de Fenix.. mucha suerte y ojala clasifiquen a la sudamericana|P
631|@BibliotecasCes @PuenteCelsa @mldefran Y luego los chicos nos podrían dar clases de robótica a ños grandes|P
632|Los/as uruguayos/as son muy amables. Nadie ha intentado echarme el auto encima en los ceda el paso, al contrario, lo ceden sin problema|P
633|""" Nunca digas de esta agua no beberé, porque el camino es largo y te puede dar sed "" buen descanso Byeee"|NEU
634|tengo que ir a pando por tercer día consecutivo|NONE
635|@DianiDeMG ¡Qué bueno! Esas sorpresas emocionan|P
636|.@PedroBordaberry El Senador itinerante... hay que darle una medalla a su médico personal; no cualquier octogenario aguanta ese trote|N
637|Pa yo soy eel mas gil me podes hacer mil jodas que siempre ccaigo|N
638|Se Viene Tiempos Dificiles , Pero Me La Voy A Bancar Piola|NEU
639|""" Todo fracaso es condimento que da sabor al éxito "". que tengan un hermoso #viernes comienzo del #findesemana"|P
640|Determinar desde temprano que hoy será un gran día. #BuenViernes al que lee|P
641|@Phoyu_Agustina u.u Perdon Es que estaba loquito y Di todos los Unfo perdon|N
642|@jugudik Reportate donde adas? Da señales de vida ¡Por Favor!|NONE
643|Mojo Jojo hizo gigantes a las chicas superpoderosas y ahora no pueden combatir el crimen sin destrozar media Saltadilla|N
644|@MarBerrondo2 jajaja hacelo por mi, yo estoy insertada estudiando..|N
645|Había un sueño medio soñado, había un bueno, había un feo, había un malo|NEU
646|@FerrCarrillo ta re grande y Preciosa !! Bien Logrado  ...|P
647|yo quiero que dios me ayude a conseguir el libro rapido|NEU
648|es re triste q a todo mi inicio le pongan cosas en el cc y a mi no|N
649|DEVUELTA EMPATE LA CONCHA DE SU MADRE Los duels seran contra ustedes no en unranked aviso Mary perdon pero no quieren skywars|N
650|se me borró todo lo de la tarjeta de memoria, toy por caer en depresión miles de fotos maso, la puta madreeeeee|N
651|Estoy triste y no se xq|N
652|@cbaballe2 me acabas d romper el cora pero igual es el mejor del mundo jeje|NEU
653|Sé tan fuerte que nadie pueda herirte, tan noble que nadie pueda ofenderte y tan original que nadie pueda imitarte.|P
654|Querés saber sobre el tiempo? Seguí a @matiasrivero21 Un tipo piola y de buena onda #Meteorología #Uruguay|P
655|@EnzoGrilloB Lo tengo en Febrero igual jajaja|NEU
656|@Silperpetua que lindo no? Buen dia|P
657|@vmayo72 ah bueno, desp poné foto, seguro va a estar recontra buena!|P
658|@improbable qué lindo que hayas dicho que sí!|P
659|@larunego @DestacadosUY Pronto subiremos una convocatoria para que los lectores formen parte Gracias por preguntar Laurita|P
660|@larunego @DestacadosUY ¡¡Qué bueno!! Su trabajo es increíble y esperamos reciba mucho apoyo. Nosotros esperamos sorprenderla|P
661|Quien no puede dormir y tiene q trabajar temprano|N
662|@racosta86 a ese Sr le veo cara conocida...|NONE
663|@LuzuGames Que bueno! porque me perdí el directo|P
664|Estoy aburrida ... Y nadie esta conectado Bueno CE siempre esta conectad@|NEU
665|@PedroPereiraHrs gran fórmula. Esto no es una fórmula. Esto es un tuit.|NEU
666|Piensa en grande y tus hechos crecerán, Piensa que puedes y podrás. Todo esta en el estado mental. #BuenFinDeSemana|P
667|11:30 juega el dortmund y 12:15 es el clásico de españa y no voy a poder mirar ninguno de los dos|N
668|@AndreaLuzuriaga me rompisteS el corazón! es una discusión ardua la del horario; no podés acomodar para entrar a las 11 algunos días?|N
669|@DeVersalles lo sigo y lo leo ,tenga hermoso descanso ,se cuida gracias|P
670|@castondarx ay lo extraño lola decile que venga|N
671|@cuervotinelli se le caen los dientes al Payaso Bobito :/, PAPÁ VENI TENGO MIEDO ... !!|N
672|Lo que una hace de noche aburrida y muerta de calor... 100% real no fake|N
673|@Iri_Becaria Está llegando a Argentina. En estos días andará por todos lados seguro|NONE
674|Estoy feliz xq esta lloviendo|P
675|los argentinos son re lindos todos|P
676|@liliramos6 Fuerzas nena ,el esta en un lugar maravilloso ,vos no estas sola en este momento ,estamos nosotros para acompañarte|P
677|When sos especial Después hagamos skype|P
678|@pedroalfonsoo @cuervotinelli ufffff !! Que bajón , me lo estoy perdiendo...,ME VOY A PEDALEAR CON GOMAS NUEVAS|NEU
679|@gianmaradona jajaa no digas eso ,sos muy joven|NEU
680|Cuando termine de hacer skype con Irene quizá haga YouNow PD:Estoy nerviosa.|NEU
681|Toda la noche soñando con caballos que hermoso fue|P
682|Los globos verdes se re pierden con el mosaico ese|N
683|@aldanaperezz Tengo ganas de salir a caminar, quiero verlas las extraño ajajjajajaja|P
684|@pepi_goncalvez @Camilo99fuegos Pepi! Me encantó la Sonora 99 Fuegos! Esperemos volver pronto. Un abrazo grande para ti y gracias !|P
685|@skyimpson me la olvide pero tengo la huella y no em deja usarla nose|N
686|@NachoDantaz Traicionado por la mujer que me dio la vida|N
687|No necesitas demasiadas personas para ser feliz, tan sólo a las personas reales que te aprecian por lo que eres. #buenasnoches|P
688|Yo queria ta cabron tambien|NEU
689|@GhetsisD Hay que disfrutarla al màximo mientras pueda ,despuès se hacen grandes y vuelan Doc|NEU
690|quiero que mariano le de el regalo a joaquin|P
691|@Flor_uy @igalvar71 nuevamente, pensamos distinto.Para mí son a la vez solidarias y se benefician. Van de la mano, no son contrarias|P
692|No para nunca de tatuar a Ghi y tengo tremendo sueño|N
693|@happyviciconte Gracias Gil Tambien Te quieroo|P
694|Esta es mi nueva cuenta ,si quieren seguir me vallan ... PD:No quiero personas enojadas o bloqueos ,gracias|NEU
695|@Eeugenitaa @florbst emmm, feliz cumpleaños! (era eso?)|P
696|@DrYombi Arriba que entonces no todo está perdido. Lo que sea que buscás te va a salir vas a ver|P
697|Vivimos en una sociedad donde mentir se volvió rutina, traicionar en monotonía y ser hipócrita es la ropa de hoy en día. #buendescanso|N
698|@_melibarra es una frase digna de chiquititas 98. y es cierta|NEU
699|@elsharpo @Bambino627 creo lo mismo . Ojo igual respeto, incluso comparto algunos valores. Pero gracias a dios, SOY ATEO|NEU
700|@cuervotinelli Que descanses Papá de mi corazón!!, siempre es lindo verte  ...|P
701|Han pasado 5 min y no hay nadie Estoy en vivio mi YouNow es Manuela Etchebarne|NONE
702|En el prado con mi gente, esto necesito|P
703|Todo lo bueno que pase en el año. Poco a poco se esta perdiendo... Ups and downs...|N
704|A todos se les antojo que les hablara a wpp o snap hoy y tengo que recordarles que mi cel esta roto|N
705|Se está perdiendo la costumbre de valorar los pequeños detalles nunca los dejes de lado #Lunes|NEU
706|Me duelen horrible los pies|N
707|Agarro la cuadernola para estudiar y enseguida empiezo con sueño, me aburro, agarro el celular, todo me distrae en ese momento LITERAL.|N
708|feliz pq me tocó ventanilla y el asiento esta roto|N
709|pasando un tarde hermosa en mercedes mirando la ciudad desde lo mas alto|P
710|Votamos por #SiNoEsMuyTarde de #LucianoPereyra @RADIOPOPULARSL Fans Club Oficial Internacional @tuselegidas|NONE
711|es re gracioso como encuentro ARMYS en todos lados. levanto una piedra y salen 10 armys|NEU
712|@FS_OL_Qbnfangrl Hoollii!! Acá descansando, después de un día muuy largo lleno de trabajo|NEU
713|@old_sound sigue siendo laico, no te preocupes|P
714|@Flopi_Soberon lo mejor es ni aparecer por el tl señora|N
715|Prefiero Lamentarme Solo Lo Que Esta Pasando|N
716|Me puse re mal con lo del avion con jugadores de futbol chapecoense,pobres familias la vida es injusta QEPD y fuerza familias..|N
717|Que día de tragedias la verdad..ahora el falso simulacro del bps que termino siendo real|N
718|Corte pienso y me imagino estar ahí y faaa que mierda locooo .. #FuerzaChapecoense|N
719|"@mister__lemon @Goberlik @derraeb Dicen que escribió ""cuando sea grande quiero ser como vos"""|P
720|Estoy muy sensible! Triste por lo de hoy! El futbol este de luto|N
721|Lo ame a Carlos x ir fuerte, muy fuerte en moto.|P
722|@mvdsister Que buena pinta!! Un buen vinito y estamos!|P
723|Estoy en tremendo ruido firme , todavía no puedo creerlo !, #Chapecoense|N
724|@matiasrivero21 Matíasss...empezó la tormentaaa!! Truenos y llovizna ...ayer sismo....QUIERO SALIR CORRIENNNDDDOOO!!|N
725|Les gustarían edits así? Tratare de aprender como se hacen y aprender mas técnicas de edición La queen de Sel …|P
726|@yoparami @LuJVS existe una app para encontrar baños públicos pero es inútil|N
727|@cuervotinelli Buen día Papá hermoso !! ;3, Que tengas un lindo Domingo|P
728|Les juro que estaba nublado y me puse protector pero no puedo dormir porque no puedo apoyar la cara en la almohada. Quiero ser negra|N
729|Se me pego toda la comida JAJAJA lloro ah|N
730|Si crees en tu propio éxito, lo obtendrás; confía en ti. buenas y lluviosas noches , #netflix , byeee|P
731|Buena peli voy a mirar yo ante de ti|P
732|El año que viene me tengo que volver a hacer el carnè de salud..pero esta vez un poquito diferente|NONE
733|Si todo fuera distinto seria mejor|N
734|Yo amo ser mujer..pero en casos así digo xq mierda fui mujer loco..|NEU
735|que contracturado tengo el cuello|N
736|Buen día!!!..toda hecha mierda gripe maldita pero..bañito y a trabajar se a dicho..|NEU
737|no me puedo dormir odio que siempre me pase esto loco|N
738|@sepuedevivir la amo, qué hay de cierto en que a las serpientes nos dan cascotazos todo el año? 2016 fue suficiente... Tierra here|NEU
739|@Nifunifa4 siempre hay algo para hacer, no sea vaga|N
740|@virginiagy8 lástima que no podemos decir lo mismo de la otra Ámsterdam|N
741|@cuervotinelli ESTOY MUCHO MÁS FLACO ^_^, toy contento !!, cuánto medís vos Papá??,yo 1.87 descalzo|P
742|Quien no llama a #Fidel como #Dictador. Quien justifica SU DICTADURA ¿luego habla de: Democracia, DDHH y libertades? Dan vergüenza ajena|N
743|@tbotmakers Que bueno que descubrieron mi bot Cuando quieran meter algo en @ProductHunt avísenme y los ayudo!|P
744|@Laa_ceciper hola bonita como estas me gustaria conocerte saber de ti|P
745|@GiuliJs7 camara del orto esa, yo solo queria un icon|N
746|Qué ganas de joder Fidel, si ya teníamos el programa del martes todo armadito! cc: @Tedigolaotra|N
747|@lizytagliani hace dos minutos te vi ,a vos y tu bailarin hacer el aguadance Felicitaciones son lo mas ,segui asi|P
748|@grumimantis20 lo digo en serio me rompes el corazón|N
749|@Pkba88 @losbidones recién veo toda la discusión, larguísima! (yo ya tengo novia! )|NEU
750|Paro de transporte en Montevideo hasta las 22:00 horas por agresión a ómnibus por el clásico|NONE
751|Literalmente estoy destruida ,perdón no hacer YouNow Es que realmente me siento súper mal.|N
752|Escucharle la voz antes de dormir. Lo mejor|P
753|Química de 6to aprobado con 6 una menos por suerte|P
754|@sebacancinos Perfecto, muchas gracias por dar el aviso. Vamos a consultar con el equipo de tecnología. Saludos|P
755|Hasta quien sabe cuando no vuelvo a entrar ! -_- me re enoja|N
756|@pablocardozo_uy bueno, no lo conozco, me emocionó si, y en todos lados está lleno de hijos de puta que a veces hablan bien|NEU
757|@cedrezzz no tengo celular hace dias hablame md|NONE
758|@mateosere nooo me encanta Reality qué espectacular!!|P
759|@RobleisIUTU hola compartí el video y grax por decir que eras hay me sino orgulloso de que admitas tu contento salúdame en el otro|P
760|Num y te tiro una indirecta con tu user ME ABURRO|N
761|Uff..no..no estoy feliz..teléfono de mierda que me despertó de mi sueño hermoso..|N
762|Te desearía lo mejor pero ya lo tuviste|NEU
763|Nada más triste que te dejen plantada con el porro armado|N
764|Todo mi inicio es hablando de Animales Fantásticos|NONE
765|Quiero empezar el curso ya, Dios estoy emocionada|P
766|caro no quiere mas a su amiga|N
767|@GhostHunter342 @Batalla_Epica Kratos igual, recuerda que ahora está en la mitologia nordica|NONE
768|Siento que algo malo va a pasar o paso..ahí que instinto de mierda..que se apague que quiero intentar dormir|N
769|@barossi_luzmila cosas de la vida me decis soy la mas fracasada del mundo osea no le cuesta anda un hola que importa que sea famoso|N
770|Hoy la luna esta hermosa ,plena|P
771|@julirod14 Lástima que ya terminamos las clases, quedó pendiente el Mannequin Challenge ...|N
772|@andreacarcamo7 solo vi hasta los primeros caps de esa temporada y me re decepcionó, tan buena que era la serie y la aburrieron|N
773|@capPu1550 @alitamontevideo @klarita56 pero es uno de los preferidos|P
774|@mariapiasilva12 pasaste con 11 be happy jajaj felicitaciones te amo|P
775|Leo me consigue novios jajajaa bastaaaa quieroooo estar sola!|N
776|@Jime_Rodriguez6 estudie con quien estudie es estudiar igual|NEU
777|@cuervotinelli Que descanses !!, Tqm ..., re lindo el programa de hoy @elchatoprada @hoppefede  !!|P
778|@BrunaSosa7 Te Extrañoo y muchooo vuelveeee yaaa|N
779|Un abrazo es un poema escrito en piel..|P
780|@ciudad_com @MarceloPolino @pampitaoficial @AngeldebritoOk @valientesoledad Todos intoxicados por envenenamiento jajjajajja !!!!!!|N
781|PeroFuiste mi primera mascota.....Te di tu primer baño y te cuide Pero son cosas de la vida pero ahora tengo a M…|NEU
782|ay no hablen que el año que viene termino la secundaria|NEU
783|El ingenio yorugua... Me divierto mucho.|P
784|@KarenTabarez No, yo no soy importante|N
785|Me hace muy feliz ayudar Y mas si son Caelikers de uruguay porque hay dos que yo conozca @CaeliUru y yo|P
786|@SilvioCABJ12 Vamos! a más viejitas mejor, pero no se por quién apostas?!|P
787|@LiaTitoo Graciaas!! Vos también te lo merecías Fue re lindo tener una compañera como vos|P
788|Puedo estar rq, q me tira dos tw y me re puede d nuevo|NEU
789|Era más fácil ir hasta el cuartito de utileria y traer una red nueva|N
790|@davusito no hay tal pussy chaval ajajajajajja pero chingao seas si estabas con tus amigos|NEU
791|@fernando_amado Estoy ofendido de que ni @Chasquetti ni @Constanza_FA hayan querido reclutarme. No logré llegar a estándares soviéticos|N
792|ay loco que mierda justo el que pensé que era buena gente..|N
793|@dalasito2003 pero estaba en youtube igual twitch se me tranca todo|N
794|Nose no cuantas veces me caí este año, pero me caí literal! Bueno, metafóricamente también|N
795|Gobierno venezolano usando a #Chávez más que Disney a Pluto o a Goofy #ElFaltante #CerrayVamos #Maduro #Villegas…|N
796|"@LicenciadaCata Lost in Translation Le buscaron un título más ""marketinero"" Slds y buen fin de semana!!"|NEU
797|@andresantoniuk @LaPasiva lindo loop-hole para forzar efectivo sin ser sancionados Hats off.|NEU
798|Holaaaaa chicos, volvi como estan¿ yo bien aca en mi querido hogar ABURRIDA y ustedes que hacen¿,cuenten chiquilines jaja|NEU
799|@candetinelli TE AMO BOLUDA!!, y lo sabes... Bien metida !!, me haces reír ...|P
800|Quiero una Skin de un traje de una vaca pero no encuentro lloro|N
801|Mañanaaaa es festivo en Colombia, que envidia|NEU
802|@ias25viki les tengo alergia (?) ah hacia problema por todo|N
803|@sanper11 Hoy envié esa misma pregunta por WhatsApp a @NoToquenNada para @borisgolu10 pero no se la preguntaron no se mira el retrovisor|N
804|Paaah, extrañaba tanto a Ezee... Estaba re perdido.|P
805|Espero que @Uber_UY no me pida que la borre y la agregue de nuevo, son demasiados números para escribirlos de nuevo|N
806|@amorins8 jajaja, un poco necrófilo pero bue...|N
807|Yo le compro una milanga al que me acompañe jaja no quiero ir solo hoy.|NEU
808|nadie quiere ir al prado|N
809|@msfernandezrial Hola Sol, ¡Disculpas! ¿Recibiste el pedido? Siempre que tengas dudas está disponible nuestro chat online|P
810|@Yannisame jajaja, le gusta el vino tinto! hace años me respaldó un proyecto y a modo de agradecimiento le mandé un vino uruguayo|P
811|Ya perdimos al tío y ahora la abuela en estado grave ,preciosas fiestas voy a pasar.|N
812|@lamascarada @cuervotinelli tal cuál :/, No seas malo Papá...|N
813|Se fue Charlotte no miro mas ese programa era por la única que miraba showmatch|N
814|@AliciaVery no conozco nada pero se que es un lugar màgico|P
815|@Ximena_Miami @ximenaduque Se Nota que la queres Mucho al igual q yo|P
816|no puedo creer, el año pasado estaba re adelgazando de tanto bailar y este año perdí la costumbre y estoy más gordo|N
817|Hoy es la primera vez en mi vida que trabajo más de 12 horas sin _tener que_ qué copado estar tan copado!|P
818|@robert1891_ nada q vuelve el clasico muy pronto noseq wevitar ruidos molestos pero no dijeron mas nada|N
819|@alededecanocom yo estuve... Epocas duras|N
820|@Camula7 Ese es el uno dos ideal, pero Rosita la embarra y la queda Olivia y el l bobeta obvio.|NEU
821|"Digan lo que quieran pero Rápidos y Furiosos nunca ser lo mismo sin ""Paul Walker"" no hay remplazo por el"|N
822|Mi ultima semana de trabajo,que triste todo amigo,paso volando el año no creo|N
823|Necesito masajes estoy toda contracturada|N
824|@FlorAlonso79 La capacidad de los europeos de hacerme sentir un viejo a mis nóveles 26 añitos; no garroneaba un descuento ni equivocado|N
825|@underpoch @10_nov @nuligesta @LuJVS La rubia es una vieja teñida, farandulera pero tiene la tarasca|NEU
826|Feliz cumpleaños botija! @latiajulia_ bienvenida a los 30's!|P
827|@DeLaFigurita Estamos rodeados de belleza. Sólo hay que saber mirar.|P
828|El flaco Agazzi me tiene bloqueada! Qué diablos? Tiene que ser un error... No me elico...|N
829|Quisiera cumplir mi unico sueño de ser cantante, todos los dias intento escribir una cancion pero soy de pocos recursos y no me pongo mal|NEU
830|*Bueno, aflojando con el protector solar, voy a jugar al volley #Camiseta|NEU
831|Los mejores momentos no tienen foto. #sabado|P
832|@nellylomar @dbarindelli1 para tener pensamientos propios te veo repetir como lorito la versión q los pptt quieren para volver a robarnos|N
833|algun alma noble que me quiera ayudar con fisica de tercero|NEU
834|@SRP1410 no ves que estoy triste y solo piensas en eso|N
835|Un abrazo a tu viejo y decile que en 2017 esta la esperanza de ver a Alonso pelear adelante @ValenSellanes|P
836|@conradoh47 Es que uno busca en internet fotos del funeral de un longevo dictador y le salen las de cualquier otro|N
837|@DivergentofCari Hola, cómo estas?.. El segundo trailer se espera para diciembre... Al parecer falta poquito.|NONE
838|Gracias todos los que me dejaron un mensaje diciéndome suerte|P
839|@CaELiKe deseo que estés bien ,porque yo estoy destruida|NEU
840|NUEVE MESES LNDF Mi sueño? Que Fabricio me vomite toda algún día!|NEU
841|Meeee encanta saber que mañana tengo toda la mañana la casa sola Jee|P
842|Está la gente viajada y la gente que jura viajada alejense de los segundos|N
843|@selodedicoaella Cele me ayudarías dando RT a mi twit fijado ? Por favor es muy importante Yo ya te ayude|NEU
844|Que situación espantosa la que acabo de pasar|N
845|Pero mis padres y familia no Te quiero bonita y gracias|NEU
846|@hnadelmedio suspendido Palitt...esto no puede ser!|N
847|@gordo_lado me acaban de recordar que está suspendido...|NONE
848|Mi hermana me dice que soy adoptda|NONE
849|Aveces twitter o insta bajan la calidad y se ven feos ,los edits|N
850|@MateoFernandezE Esperare ese momento desde el Primer capitulo dije qué mateo es el indicado para la anita|P
851|@Agronegocios_Uy paisajes lunares o marcianos rumbo a #Flores #Trinidad desde #Soriano por la #Ruta14. No se de que nos quejamos|NEU
852|Quien quiere Lima y quien Limón ? Si le das RT a los tres días te llega un limón o lima!|NONE
853|Feo que se sienta mal y no poder ir a visitarla|N
854|Bueno a comer algo y a dormir|NONE
855|Feo mismo es dejar de hablar con aquella persona q pasabas día y noche hablando|N
856|No agarro unas pairas hace mas de una semana mi melodica mucho menos|N
857|@ezies19 gracias a ti por tenerme como ejemplo a seguir  sos muy dulce|P
858|Lo gracioso es que esto es real|NEU
859|@EcoFeminita gracias! Estoy encantada con la web. A ver si coordinamos una nota.|P
860|me tengo que sacar un diente y no quiero|N
861|@GerardoAmarilla y pensar que acá en #TreintaYTres le hacen monumento a #Comunistas. En #Flores a #Sendic. Cuan equivocado estamos|N
862|Ete m dio justo ahi en el cora nose si reirme o llorar|NEU
863|@faz500 Mientras el Poder Ejecutivo no decida que el efectivo en los restaurantes es un riesgo de seguridad y lo prohíba|NONE
864|@federicod @diego_vallarino Ud. vaya a lo tecnológico que es lo suyo Dejá el vino para mí...|NEU
865|@RufinaCamejo @mister__lemon @diego_vallarino Wrong. Desde 2005 hasta exactamente la primera vez en que pierda el FA|NEU
866|@ximepa95 que legal me alegro mucho gorda perro o perra? Tenés q ver el propio nombre y ta , me alegro meu|P
867|@florguedes24 todo en un solo día é foda pero ta sabelo tamo ahí gracias por todo|P
868|@elsueco76 @Bassorelli @LuchoVezzoso @ALEJANDROGONZ37 @alededecanocom @DanieldeLocos @AlvaroLevrero yo no puedo, no estoy registrada|NONE
869|Como necesitaba esa juntada asi de compañeros y pasar un lindo rato|P
870|@DanielP75949320 muchas gracias Dani, de verdad, sos el mejor!|P
871|¿Cuántos asesinados más #Bonomi? No vas contra cómplices y DELINCUENTES que usan fútbol para ilícitos pues se relacionan con tu esposa|N
872|Hay un buso de wanderers que me tiene enamorada|P
873|@XimeRobayo oprime los dos botones la próxima vez|NONE
874|@YesicaLorenzo si no te mandan sería un error garrafal|NEU
875|@lenaychantelle Hola lenay porfiii mandame saludame en tu proximo video y mandame un besote enorme te lo agradeceria mucho lele|P
876|@PizzeriaRodelu @tetirounpique @Guia_Montevideo Cuando empiezan con las promos tuiteras? eh?|NONE
877|Y otros dias publicare mas para que voten LOS QUIERO MUCHOOOO|P
878|En parte si xq las flores ya van a estar pero esvlo unico bueno de las fiestas que voy a pasar|NEU
879|me dijeron 'no sos hombre', me llegó al alma|N
880|Estaría muy bueno saber que pide la gente para navidad..!! jajaja el mio cumplir mis sueños y avanzar cada ve…|P
881|@uklatinamerica A mi + q la gráfica me hacen ruido las eternas e invariables promotoras mujeres de adorno al lado de cualquier cosa..|N
882|@lulurowell @isgra3111 @diegodelacurva ¿Que hablaste de Pepe Batlle? Que fundó empresas públicas que tu FA FUNDIÓ jajaja|N
883|Hoy @Uber lanzó sus autos autónomos en San Francisco. Un pasito más cerca de Uruguay. Tremendo cc: @Uber_UY #uberlove|P
884|@diego_14m @thiago23ok @diegodelacurva Así opinan desde el FA de la gente del interior. Increíble que les voten|N
885|@VickyDut @LIMITEUruguay @lauralomando Obvio!!!! Cuando quieran estoy|P
886|@UnLocoSuellto te las enviamos por mensaje privado. ¡Saludos!|NONE
887|@Socialistas90 @diego_14m Que se siente DEFENDER DICTADOR Y DICTADORES No creen en DEMOCRACIA|N
888|@Agusblanco01 te dije que era la mejor serie, igual a mi no me sale hasta el 26 de eneero|P
889|@GermanGarmendia podria tomarme una foto contigo antes que te vayas de Uruguay??|NONE
890|Tremenda depreciación me agarra cuando me dejan en mi casa|N
891|@karentodoroff Sí Los mejores libros para los mejores lectores.|P
892|El Cappelli vuelve cuando yo me voy, maldito|N
893|Lo extraño loco, nadie entiende eso|N
894|@hanover07127260 que te mejores en un año eso es por jugar y ser goleador de la plazita|N
895|@Andresdarmas2 jeje si podes, como uno de los cupos de menores que se permiten|NEU
896|Comportamiento de casada jajaja..ahí deos! Como lo quiero|P
897|@ABossus @cuervotinelli es que yo pensé que me querían y estaba muy feliz por eso... SE ME AMARGO EL VIERNES !!...|N
898|@candetinelli Muy de menos !!, precioso botija ...|NEU
899|se vienen los findes largos sin Nacional,|NONE
900|No voy a poder ir al concierto igual ya estoy acostumbrada a las desilusiones|N
901|estoy por terminar la segunda temporada de aliados y después no se que voy a ver|NEU
902|#fiestazomegastar ¿ Qué piensas de que muchisimas abrahamers uruguayas viajan a Argentina para verte brillar ? ..... Uruguay te ama|P
903|Que bueno es saber que los grandes exitosos pasan por grandes pruebas, eso me motiva!!!|P
904|jajaj hoy no fui a clases porque tuve vacaciones jjaja soy el propio jajaj tengo examen en 20 dias ajaja yatu ay|NEU
905|Estoy aburrida de siempre el mismo tema todos los días y siempre lo mismo|N
906|Tengo que ir al dentista, re solo, ni siquiera está mi amiga para acompañarme|N
907|@jacintah_ mi sobrina (2,5 años) anda con un monopatin, re copada!|P
908|@DonVascolet 24 horas depues recien lo analizo al tw ,por suerte no lo entendi jajaaa|P
909|@grisel_ok hola hola ,y esa carita nena a que se debe ?dije algo que te molesto ?o es otra cosa|N
910|@Phoyu_Agustina @WillyrexYT yo siempre e querido una fan así|P
911|@elpenela Sí, Celta Barcelona lo ves por Fox! Perfecto, yo porque se me fue el # cuando puse Champions. Sds|NEU
912|@dianaapii Escuchate esto.... SEMIOTICA *suena música de iglesia*|NEU
913|@JPL0UIS Que descanse ,sueñe bonito ,hermosa luna|P
914|Pq nunca puedo tener un perro propio?|N
915|Tengo ganas de dormir porque esta re frio y re lindo pero no tengo sueño|NEU
916|@AlbertoRaimundi Es shileno, Alberto, nada más que agregar, ajajajaja. Beso!|N
917|@sbarreiro1985 como puede ver en el gif, fue una pelea limpia, sin armas, cualquiera de los dos podía ganar!|NEU
918|Que vengan los gurices que te juntabas hace mil año , y te digan para volver a juntarse. Es re lindo|P
919|@tetirounpique GRACIAS !!! los piques serán primicias tuyas !|P
920|Yo quiero pasar nuestros noveno cumple mes juntinhos pero ya veo que no|N
921|@carodominguezuy @Zanocchi @luciabrocal fue whatsapp! Si no lo convencemos, se van las dos con Feli en fin de semana de disfrute total|NEU
922|@DonVascolet hermosa edad ,espero este disfrutando y traiga fotos|P
923|Jaja tremendo cuerpo y es una nena|P
924|Again me despierto tarde por andar viendo las chicas superpoderosas y kick buttowsky en la noche|N
925|@ElConservadorUY 2,98 No alcanza ni para un batido decente!!|N
926|Quería un juguito y no puedo por el colorante|N
927|Hoy tengo el cumple de mi tio|NONE
928|@armadacolombia Increibles fotos, muy lindas la verdad!!|P
929|@NinetalesGD NO ME JODAS... que gran lastima|N
930|@BenjaCandado eres una de las mejores personas que he conocido en mi vida|P
931|@SonrisaDeCaeli dos cosas 1-Siento que casi todas las indirectas son para mi 2 por tu icon tuve que activar modo nocturno para verte|NEU
932|Que lindo, los aliens eligieron visitar a Uruguay la próxima aterricen con más tranquilidad! #temblor|N
933|Nos separan mas de 9KM y quieres JAJAJAJAJAJAJAJAJAJAJAJAJAJA Te juro que eres muy chistos@|P
934|@CuadradoAndres @grazianopascale @adeladubra jaja muchas gracias!!! muy buena onda de todos los implicados!!!|P
935|Sería más divertido tw si yo supiera usar cc|NEU
936|@Niaso01 @LuisSuarez9 @neymarjr El fútbol es hermoso, y más cdo se juntan talentos como éstos.|P
937|#FelizDOMINGO que la paz de dios llene tu vida en este bello día #bendiciones para todos|P
938|@AmorAKilates @Roocio_Mk si me pasa lo mismo!|NONE
939|@clauchoarrionda pquno ladra y ls demas retwitean|NEU
940|A mi desayuno le hizo falta un alfajor podrida de las galletas de arroz|N
941|Viste cuando necesitas que alguien te escuche pero ese alguien no está? bueno|N
942|@cuervotinelli @candetinelli Mañana es mi primer sesión  , Vamo a tapar el tajo ...|NEU
